timestamp,strategy,market_id,market_type,action,side,price,notional,fee,slippage,pnl,net_edge,reason,question
1778854523,YES_NO_SL25,2261234,price_range_daily,BUY_NO,NO,0.58145,25.0,0.735,0.0625,0.0,0.004940277777777773,实验策略信号入场,"Will the price of Bitcoin be above $80,000 on May 21?"
1779061508,YES_NO_SL25,2261234,price_range_daily,SELL_NO,NO,0.8200000000000001,34.81245162954682,0.44423424198125366,0.0,9.014951629546822,0.0,触发实验止盈,"Will the price of Bitcoin be above $80,000 on May 21?"
1779063606,YES_NO_SL25,2261234,price_range_daily,BUY_NO,NO,0.8270624999999999,25.0,0.3062500000000001,0.0625,0.0,0.0028888888888888714,实验策略信号入场,"Will the price of Bitcoin be above $80,000 on May 21?"
1779391685,YES_NO_SL25,2261234,price_range_daily,MARK_TO_MARKET_EXIT,NO,0.9995,30.21129048590645,0.0010574321771328091,0.0,4.842540485906451,0.0,回测结束平仓,"Will the price of Bitcoin be above $80,000 on May 21?"
1778854523,YES_NO_REV_SL25_CD60M,2261234,price_range_daily,BUY_NO,NO,0.58145,25.0,0.735,0.0625,0.0,0.004940277777777773,实验策略信号入场,"Will the price of Bitcoin be above $80,000 on May 21?"
1779061508,YES_NO_REV_SL25_CD60M,2261234,price_range_daily,SELL_NO,NO,0.8200000000000001,34.81245162954682,0.44423424198125366,0.0,9.014951629546822,0.0,触发实验止盈,"Will the price of Bitcoin be above $80,000 on May 21?"
1779063606,YES_NO_REV_SL25_CD60M,2261234,price_range_daily,BUY_NO,NO,0.8270624999999999,25.0,0.3062500000000001,0.0625,0.0,0.0028888888888888714,实验策略信号入场,"Will the price of Bitcoin be above $80,000 on May 21?"
1779391685,YES_NO_REV_SL25_CD60M,2261234,price_range_daily,MARK_TO_MARKET_EXIT,NO,0.9995,30.21129048590645,0.0010574321771328091,0.0,4.842540485906451,0.0,回测结束平仓,"Will the price of Bitcoin be above $80,000 on May 21?"
1778854523,YES_NO_REV_SL15_CD60M,2261234,price_range_daily,BUY_NO,NO,0.58145,25.0,0.735,0.0625,0.0,0.004940277777777773,实验策略信号入场,"Will the price of Bitcoin be above $80,000 on May 21?"
1778982308,YES_NO_REV_SL15_CD60M,2261234,price_range_daily,SELL_NO,NO,0.76,32.12795597213862,0.5489723965947202,0.0,6.330455972138623,0.0,触发实验止盈,"Will the price of Bitcoin be above $80,000 on May 21?"
1778986508,YES_NO_REV_SL15_CD60M,2261234,price_range_daily,BUY_NO,NO,0.7669125,25.0,0.41125,0.0625,0.0,0.0017791666666666373,实验策略信号入场,"Will the price of Bitcoin be above $80,000 on May 21?"
1779364508,YES_NO_REV_SL15_CD60M,2261234,price_range_daily,SELL_NO,NO,0.9975,32.5110569165322,0.0056904307857805255,0.0,7.037306916532199,0.0,触发实验止盈,"Will the price of Bitcoin be above $80,000 on May 21?"
1778854523,YES_NO_REV_SL12_CD60M,2261234,price_range_daily,BUY_NO,NO,0.58145,25.0,0.735,0.0625,0.0,0.004940277777777773,实验策略信号入场,"Will the price of Bitcoin be above $80,000 on May 21?"
1778926209,YES_NO_REV_SL12_CD60M,2261234,price_range_daily,SELL_NO,NO,0.735,31.015811763694213,0.5862176455413192,0.0,5.218311763694214,0.0,触发实验止盈,"Will the price of Bitcoin be above $80,000 on May 21?"
1778926509,YES_NO_REV_SL12_CD60M,2261234,price_range_daily,BUY_NO,NO,0.731825,25.0,0.4725000000000001,0.0625,0.0,0.04047500000000001,实验策略信号入场,"Will the price of Bitcoin be above $80,000 on May 21?"
1779116109,YES_NO_REV_SL12_CD60M,2261234,price_range_daily,SELL_NO,NO,0.915,31.07149079356404,0.18598196290096672,0.0,5.536490793564038,0.0,触发实验止盈,"Will the price of Bitcoin be above $80,000 on May 21?"
1779119406,YES_NO_REV_SL12_CD60M,2261234,price_range_daily,BUY_NO,NO,0.9273125,25.0,0.13124999999999995,0.0625,0.0,0.0035694444444444584,实验策略信号入场,"Will the price of Bitcoin be above $80,000 on May 21?"
1779391685,YES_NO_REV_SL12_CD60M,2261234,price_range_daily,MARK_TO_MARKET_EXIT,NO,0.9995,26.945205027970616,0.0009431151850103431,0.0,1.7514550279706143,0.0,回测结束平仓,"Will the price of Bitcoin be above $80,000 on May 21?"
1778826008,YES_NO_SL25,2251421,price_range_daily,BUY_NO,NO,0.4461124999999999,25.0,0.9712500000000003,0.0625,0.0,0.0015666666666667092,实验策略信号入场,"Will the price of Bitcoin be above $80,000 on May 20?"
1778853028,YES_NO_SL25,2251421,price_range_daily,SELL_NO,NO,0.625,34.10539662080754,0.919400935862591,0.0,8.071646620807538,0.0,触发实验止盈,"Will the price of Bitcoin be above $80,000 on May 20?"
1778853324,YES_NO_SL25,2251421,price_range_daily,BUY_NO,NO,0.5864624999999999,25.0,0.7262500000000002,0.0625,0.0,0.001818055555555552,实验策略信号入场,"Will the price of Bitcoin be above $80,000 on May 20?"
1778983208,YES_NO_SL25,2251421,price_range_daily,SELL_NO,NO,0.8,33.62533836349298,0.4774388814289064,0.0,7.836588363492979,0.0,触发实验止盈,"Will the price of Bitcoin be above $80,000 on May 20?"
1778983505,YES_NO_SL25,2251421,price_range_daily,BUY_NO,NO,0.7969875,25.0,0.35874999999999996,0.0625,0.0,0.002837500000000003,实验策略信号入场,"Will the price of Bitcoin be above $80,000 on May 20?"
1779300307,YES_NO_SL25,2251421,price_range_daily,MARK_TO_MARKET_EXIT,NO,0.9995,31.351339183487823,0.0010973352781566885,0.0,5.930089183487823,0.0,回测结束平仓,"Will the price of Bitcoin be above $80,000 on May 20?"
1778826008,YES_NO_REV_SL25_CD60M,2251421,price_range_daily,BUY_NO,NO,0.4461124999999999,25.0,0.9712500000000003,0.0625,0.0,0.0015666666666667092,实验策略信号入场,"Will the price of Bitcoin be above $80,000 on May 20?"
1778853028,YES_NO_REV_SL25_CD60M,2251421,price_range_daily,SELL_NO,NO,0.625,34.10539662080754,0.919400935862591,0.0,8.071646620807538,0.0,触发实验止盈,"Will the price of Bitcoin be above $80,000 on May 20?"
1778853324,YES_NO_REV_SL25_CD60M,2251421,price_range_daily,BUY_NO,NO,0.5864624999999999,25.0,0.7262500000000002,0.0625,0.0,0.001818055555555552,实验策略信号入场,"Will the price of Bitcoin be above $80,000 on May 20?"
1778983208,YES_NO_REV_SL25_CD60M,2251421,price_range_daily,SELL_NO,NO,0.8,33.62533836349298,0.4774388814289064,0.0,7.836588363492979,0.0,触发实验止盈,"Will the price of Bitcoin be above $80,000 on May 20?"
1778983505,YES_NO_REV_SL25_CD60M,2251421,price_range_daily,BUY_NO,NO,0.7969875,25.0,0.35874999999999996,0.0625,0.0,0.002837500000000003,实验策略信号入场,"Will the price of Bitcoin be above $80,000 on May 20?"
1779300307,YES_NO_REV_SL25_CD60M,2251421,price_range_daily,MARK_TO_MARKET_EXIT,NO,0.9995,31.351339183487823,0.0010973352781566885,0.0,5.930089183487823,0.0,回测结束平仓,"Will the price of Bitcoin be above $80,000 on May 20?"
1778826008,YES_NO_REV_SL15_CD60M,2251421,price_range_daily,BUY_NO,NO,0.4461124999999999,25.0,0.9712500000000003,0.0625,0.0,0.0015666666666667092,实验策略信号入场,"Will the price of Bitcoin be above $80,000 on May 20?"
1778830222,YES_NO_REV_SL15_CD60M,2251421,price_range_daily,SELL_NO,NO,0.375,20.09547759813949,0.9194009358625911,0.0,-5.938272401860512,0.0,触发实验止损,"Will the price of Bitcoin be above $80,000 on May 20?"
1778834109,YES_NO_REV_SL15_CD60M,2251421,price_range_daily,BUY_NO,NO,0.4160375,25.0,1.02375,0.0625,0.0,0.004675000000000089,实验策略信号入场,"Will the price of Bitcoin be above $80,000 on May 20?"
1778852410,YES_NO_REV_SL15_CD60M,2251421,price_range_daily,SELL_NO,NO,0.5549999999999999,32.31149535799056,1.0388636841630865,0.0,6.225245357990559,0.0,触发实验止盈,"Will the price of Bitcoin be above $80,000 on May 20?"
1778853028,YES_NO_REV_SL15_CD60M,2251421,price_range_daily,BUY_NO,NO,0.6265624999999999,25.0,0.6562500000000001,0.0625,0.0,0.0019791666666665875,实验策略信号入场,"Will the price of Bitcoin be above $80,000 on May 20?"
1779061507,YES_NO_REV_SL15_CD60M,2251421,price_range_daily,SELL_NO,NO,0.855,33.76844887780549,0.34626433915211985,0.0,8.04969887780549,0.0,触发实验止盈,"Will the price of Bitcoin be above $80,000 on May 20?"
1779063307,YES_NO_REV_SL15_CD60M,2251421,price_range_daily,BUY_NO,NO,0.8671625,25.0,0.23625000000000004,0.0625,0.0,0.003154166666666642,实验策略信号入场,"Will the price of Bitcoin be above $80,000 on May 20?"
1779300307,YES_NO_REV_SL15_CD60M,2251421,price_range_daily,MARK_TO_MARKET_EXIT,NO,0.9995,28.81423659060442,0.0010085335793463207,0.0,3.5154865906044215,0.0,回测结束平仓,"Will the price of Bitcoin be above $80,000 on May 20?"
1778826008,YES_NO_REV_SL12_CD60M,2251421,price_range_daily,BUY_NO,NO,0.4461124999999999,25.0,0.9712500000000003,0.0625,0.0,0.0015666666666667092,实验策略信号入场,"Will the price of Bitcoin be above $80,000 on May 20?"
1778829909,YES_NO_REV_SL12_CD60M,2251421,price_range_daily,SELL_NO,NO,0.38,20.370870576368073,0.9242063380873661,0.0,-5.662879423631928,0.0,触发实验止损,"Will the price of Bitcoin be above $80,000 on May 20?"
1778833509,YES_NO_REV_SL12_CD60M,2251421,price_range_daily,BUY_NO,NO,0.41102500000000003,25.0,1.0325000000000002,0.0625,0.0,0.004602777777777796,实验策略信号入场,"Will the price of Bitcoin be above $80,000 on May 20?"
1778851850,YES_NO_REV_SL12_CD60M,2251421,price_range_daily,SELL_NO,NO,0.52,30.565537376072015,1.0627090809561464,0.0,4.470537376072016,0.0,触发实验止盈,"Will the price of Bitcoin be above $80,000 on May 20?"
1778853028,YES_NO_REV_SL12_CD60M,2251421,price_range_daily,BUY_NO,NO,0.6265624999999999,25.0,0.6562500000000001,0.0625,0.0,0.0019791666666665875,实验策略信号入场,"Will the price of Bitcoin be above $80,000 on May 20?"
1778982308,YES_NO_REV_SL12_CD60M,2251421,price_range_daily,SELL_NO,NO,0.785,30.850304239401506,0.47139152119700756,0.0,5.131554239401506,0.0,触发实验止盈,"Will the price of Bitcoin be above $80,000 on May 20?"
1778983208,YES_NO_REV_SL12_CD60M,2251421,price_range_daily,BUY_NO,NO,0.802,25.0,0.35,0.0625,0.0,0.0019375000000000017,实验策略信号入场,"Will the price of Bitcoin be above $80,000 on May 20?"
1779300307,YES_NO_REV_SL12_CD60M,2251421,price_range_daily,MARK_TO_MARKET_EXIT,NO,0.9995,31.155393313591023,0.001090476932668209,0.0,5.742893313591022,0.0,回测结束平仓,"Will the price of Bitcoin be above $80,000 on May 20?"
1779111006,YES_ONLY_SL25,2261227,price_range_daily,BUY_YES,YES,0.8857087499999999,25.0,0.2038750000000001,0.0625,0.0,0.0016574999999999472,实验策略信号入场,"Will the price of Bitcoin be above $74,000 on May 21?"
1779391206,YES_ONLY_SL25,2261227,price_range_daily,MARK_TO_MARKET_EXIT,YES,0.9995,28.210882457128264,0.0009874154455399744,0.0,2.944507457128264,0.0,回测结束平仓,"Will the price of Bitcoin be above $74,000 on May 21?"
1779111006,YES_NO_SL25,2261227,price_range_daily,BUY_YES,YES,0.8857087499999999,25.0,0.2038750000000001,0.0625,0.0,0.0016574999999999472,实验策略信号入场,"Will the price of Bitcoin be above $74,000 on May 21?"
1779391206,YES_NO_SL25,2261227,price_range_daily,MARK_TO_MARKET_EXIT,YES,0.9995,28.210882457128264,0.0009874154455399744,0.0,2.944507457128264,0.0,回测结束平仓,"Will the price of Bitcoin be above $74,000 on May 21?"
1779111006,YES_NO_REV_SL25_CD60M,2261227,price_range_daily,BUY_YES,YES,0.8857087499999999,25.0,0.2038750000000001,0.0625,0.0,0.0016574999999999472,实验策略信号入场,"Will the price of Bitcoin be above $74,000 on May 21?"
1779391206,YES_NO_REV_SL25_CD60M,2261227,price_range_daily,MARK_TO_MARKET_EXIT,YES,0.9995,28.210882457128264,0.0009874154455399744,0.0,2.944507457128264,0.0,回测结束平仓,"Will the price of Bitcoin be above $74,000 on May 21?"
1779111006,YES_NO_REV_SL15_CD60M,2261227,price_range_daily,BUY_YES,YES,0.8857087499999999,25.0,0.2038750000000001,0.0625,0.0,0.0016574999999999472,实验策略信号入场,"Will the price of Bitcoin be above $74,000 on May 21?"
1779391206,YES_NO_REV_SL15_CD60M,2261227,price_range_daily,MARK_TO_MARKET_EXIT,YES,0.9995,28.210882457128264,0.0009874154455399744,0.0,2.944507457128264,0.0,回测结束平仓,"Will the price of Bitcoin be above $74,000 on May 21?"
1779111006,YES_NO_REV_SL12_CD60M,2261227,price_range_daily,BUY_YES,YES,0.8857087499999999,25.0,0.2038750000000001,0.0625,0.0,0.0016574999999999472,实验策略信号入场,"Will the price of Bitcoin be above $74,000 on May 21?"
1779391206,YES_NO_REV_SL12_CD60M,2261227,price_range_daily,MARK_TO_MARKET_EXIT,YES,0.9995,28.210882457128264,0.0009874154455399744,0.0,2.944507457128264,0.0,回测结束平仓,"Will the price of Bitcoin be above $74,000 on May 21?"
1778996709,YES_ONLY_SL25,2277979,price_range_daily,BUY_YES,YES,0.8771875,25.0,0.21875000000000003,0.0625,0.0,0.03565972222222223,实验策略信号入场,"Will the price of Bitcoin be above $74,000 on May 23?"
1779559805,YES_ONLY_SL25,2277979,price_range_daily,MARK_TO_MARKET_EXIT,YES,0.9995,28.484931029568937,0.0009970074812966484,0.0,3.203681029568937,0.0,回测结束平仓,"Will the price of Bitcoin be above $74,000 on May 23?"
1778996709,YES_NO_SL25,2277979,price_range_daily,BUY_YES,YES,0.8771875,25.0,0.21875000000000003,0.0625,0.0,0.03565972222222223,实验策略信号入场,"Will the price of Bitcoin be above $74,000 on May 23?"
1779559805,YES_NO_SL25,2277979,price_range_daily,MARK_TO_MARKET_EXIT,YES,0.9995,28.484931029568937,0.0009970074812966484,0.0,3.203681029568937,0.0,回测结束平仓,"Will the price of Bitcoin be above $74,000 on May 23?"
1778996709,YES_NO_REV_SL25_CD60M,2277979,price_range_daily,BUY_YES,YES,0.8771875,25.0,0.21875000000000003,0.0625,0.0,0.03565972222222223,实验策略信号入场,"Will the price of Bitcoin be above $74,000 on May 23?"
1779559805,YES_NO_REV_SL25_CD60M,2277979,price_range_daily,MARK_TO_MARKET_EXIT,YES,0.9995,28.484931029568937,0.0009970074812966484,0.0,3.203681029568937,0.0,回测结束平仓,"Will the price of Bitcoin be above $74,000 on May 23?"
1778996709,YES_NO_REV_SL15_CD60M,2277979,price_range_daily,BUY_YES,YES,0.8771875,25.0,0.21875000000000003,0.0625,0.0,0.03565972222222223,实验策略信号入场,"Will the price of Bitcoin be above $74,000 on May 23?"
1779117604,YES_NO_REV_SL15_CD60M,2277979,price_range_daily,SELL_YES,YES,0.74,20.70629141432134,0.3838403990024938,0.0,-4.574958585678662,0.0,触发实验止损,"Will the price of Bitcoin be above $74,000 on May 23?"
1779141607,YES_NO_REV_SL15_CD60M,2277979,price_range_daily,BUY_YES,YES,0.8471124999999999,25.0,0.2712500000000001,0.0625,0.0,0.002795833333333303,实验策略信号入场,"Will the price of Bitcoin be above $74,000 on May 23?"
1779525604,YES_NO_REV_SL15_CD60M,2277979,price_range_daily,SELL_YES,YES,0.711,20.558558337883102,0.4244870073337368,0.0,-4.775191662116896,0.0,触发实验止损,"Will the price of Bitcoin be above $74,000 on May 23?"
1779528004,YES_NO_REV_SL15_CD60M,2277979,price_range_daily,BUY_NO,NO,0.12380875000000005,25.0,1.533875,0.0625,0.0,0.0017248611111111423,实验策略信号入场,"Will the price of Bitcoin be above $74,000 on May 23?"
1779528784,YES_NO_REV_SL15_CD60M,2277979,price_range_daily,SELL_NO,NO,0.10250000000000004,19.396940341454055,1.3003044009409674,0.0,-7.199434658545947,0.0,触发实验止损,"Will the price of Bitcoin be above $74,000 on May 23?"
1778996709,YES_NO_REV_SL12_CD60M,2277979,price_range_daily,BUY_YES,YES,0.8771875,25.0,0.21875000000000003,0.0625,0.0,0.03565972222222223,实验策略信号入场,"Will the price of Bitcoin be above $74,000 on May 23?"
1779116704,YES_NO_REV_SL12_CD60M,2277979,price_range_daily,SELL_YES,YES,0.75,21.00106875667973,0.3740648379052369,0.0,-4.280181243320271,0.0,触发实验止损,"Will the price of Bitcoin be above $74,000 on May 23?"
1779141607,YES_NO_REV_SL12_CD60M,2277979,price_range_daily,BUY_YES,YES,0.8471124999999999,25.0,0.2712500000000001,0.0625,0.0,0.002795833333333303,实验策略信号入场,"Will the price of Bitcoin be above $74,000 on May 23?"
1779525604,YES_NO_REV_SL12_CD60M,2277979,price_range_daily,SELL_YES,YES,0.711,20.558558337883102,0.4244870073337368,0.0,-4.775191662116896,0.0,触发实验止损,"Will the price of Bitcoin be above $74,000 on May 23?"
1779528004,YES_NO_REV_SL12_CD60M,2277979,price_range_daily,BUY_NO,NO,0.12380875000000005,25.0,1.533875,0.0625,0.0,0.0017248611111111423,实验策略信号入场,"Will the price of Bitcoin be above $74,000 on May 23?"
1779528605,YES_NO_REV_SL12_CD60M,2277979,price_range_daily,SELL_NO,NO,0.10599999999999998,20.064518864781352,1.3394610639393414,0.0,-6.53185613521865,0.0,触发实验止损,"Will the price of Bitcoin be above $74,000 on May 23?"
1778997005,YES_ONLY_SL25,2277976,price_range_daily,BUY_YES,YES,0.9493674999999999,25.0,0.0927500000000001,0.0625,0.0,0.015015694444444443,实验策略信号入场,"Will the price of Bitcoin be above $72,000 on May 23?"
1779559804,YES_ONLY_SL25,2277976,price_range_daily,MARK_TO_MARKET_EXIT,YES,0.9995,26.319234055831917,0.0009212054341442107,0.0,1.1639840558319179,0.0,回测结束平仓,"Will the price of Bitcoin be above $72,000 on May 23?"
1778997005,YES_NO_SL25,2277976,price_range_daily,BUY_YES,YES,0.9493674999999999,25.0,0.0927500000000001,0.0625,0.0,0.015015694444444443,实验策略信号入场,"Will the price of Bitcoin be above $72,000 on May 23?"
1779559804,YES_NO_SL25,2277976,price_range_daily,MARK_TO_MARKET_EXIT,YES,0.9995,26.319234055831917,0.0009212054341442107,0.0,1.1639840558319179,0.0,回测结束平仓,"Will the price of Bitcoin be above $72,000 on May 23?"
1778997005,YES_NO_REV_SL25_CD60M,2277976,price_range_daily,BUY_YES,YES,0.9493674999999999,25.0,0.0927500000000001,0.0625,0.0,0.015015694444444443,实验策略信号入场,"Will the price of Bitcoin be above $72,000 on May 23?"
1779559804,YES_NO_REV_SL25_CD60M,2277976,price_range_daily,MARK_TO_MARKET_EXIT,YES,0.9995,26.319234055831917,0.0009212054341442107,0.0,1.1639840558319179,0.0,回测结束平仓,"Will the price of Bitcoin be above $72,000 on May 23?"
1778997005,YES_NO_REV_SL15_CD60M,2277976,price_range_daily,BUY_YES,YES,0.9493674999999999,25.0,0.0927500000000001,0.0625,0.0,0.015015694444444443,实验策略信号入场,"Will the price of Bitcoin be above $72,000 on May 23?"
1779559804,YES_NO_REV_SL15_CD60M,2277976,price_range_daily,MARK_TO_MARKET_EXIT,YES,0.9995,26.319234055831917,0.0009212054341442107,0.0,1.1639840558319179,0.0,回测结束平仓,"Will the price of Bitcoin be above $72,000 on May 23?"
1778997005,YES_NO_REV_SL12_CD60M,2277976,price_range_daily,BUY_YES,YES,0.9493674999999999,25.0,0.0927500000000001,0.0625,0.0,0.015015694444444443,实验策略信号入场,"Will the price of Bitcoin be above $72,000 on May 23?"
1779559804,YES_NO_REV_SL12_CD60M,2277976,price_range_daily,MARK_TO_MARKET_EXIT,YES,0.9995,26.319234055831917,0.0009212054341442107,0.0,1.1639840558319179,0.0,回测结束平仓,"Will the price of Bitcoin be above $72,000 on May 23?"
1778997006,YES_ONLY_SL25,2277981,price_range_daily,BUY_YES,YES,0.7418499999999999,25.0,0.455,0.0625,0.0,0.006869444444444428,实验策略信号入场,"Will the price of Bitcoin be above $76,000 on May 23?"
1779114906,YES_ONLY_SL25,2277981,price_range_daily,SELL_YES,YES,0.555,18.12063591022444,0.5826059850374066,0.0,-7.396864089775558,0.0,触发实验止损,"Will the price of Bitcoin be above $76,000 on May 23?"
1779143408,YES_ONLY_SL25,2277981,price_range_daily,BUY_YES,YES,0.6666625,25.0,0.5862499999999999,0.0625,0.0,0.001966666666666707,实验策略信号入场,"Will the price of Bitcoin be above $76,000 on May 23?"
1779384609,YES_ONLY_SL25,2277981,price_range_daily,SELL_YES,YES,0.905,33.71202632516454,0.2256857855361596,0.0,8.063276325164537,0.0,触发实验止盈,"Will the price of Bitcoin be above $76,000 on May 23?"
1779386410,YES_ONLY_SL25,2277981,price_range_daily,BUY_YES,YES,0.9172875,25.0,0.14874999999999994,0.0625,0.0,0.004188888888888874,实验策略信号入场,"Will the price of Bitcoin be above $76,000 on May 23?"
1779477004,YES_ONLY_SL25,2277981,price_range_daily,SELL_YES,YES,0.655,17.420431162530832,0.4311148358611668,0.0,-7.790818837469168,0.0,触发实验止损,"Will the price of Bitcoin be above $76,000 on May 23?"
1778997006,YES_NO_SL25,2277981,price_range_daily,BUY_YES,YES,0.7418499999999999,25.0,0.455,0.0625,0.0,0.006869444444444428,实验策略信号入场,"Will the price of Bitcoin be above $76,000 on May 23?"
1779114906,YES_NO_SL25,2277981,price_range_daily,SELL_YES,YES,0.555,18.12063591022444,0.5826059850374066,0.0,-7.396864089775558,0.0,触发实验止损,"Will the price of Bitcoin be above $76,000 on May 23?"
1779123306,YES_NO_SL25,2277981,price_range_daily,BUY_NO,NO,0.4360875,25.0,0.98875,0.0625,0.0,0.0023944444444444005,实验策略信号入场,"Will the price of Bitcoin be above $76,000 on May 23?"
1779150303,YES_NO_SL25,2277981,price_range_daily,SELL_NO,NO,0.31999999999999995,17.47172299137214,0.8732192507237652,0.0,-8.57952700862786,0.0,触发实验止损,"Will the price of Bitcoin be above $76,000 on May 23?"
1779150606,YES_NO_SL25,2277981,price_range_daily,BUY_YES,YES,0.671675,25.0,0.5775,0.0625,0.0,0.009261111111111126,实验策略信号入场,"Will the price of Bitcoin be above $76,000 on May 23?"
1779386107,YES_NO_SL25,2277981,price_range_daily,SELL_YES,YES,0.915,33.85401235716679,0.20263706405627716,0.0,8.214012357166787,0.0,触发实验止盈,"Will the price of Bitcoin be above $76,000 on May 23?"
1779386410,YES_NO_SL25,2277981,price_range_daily,BUY_YES,YES,0.9172875,25.0,0.14874999999999994,0.0625,0.0,0.004188888888888874,实验策略信号入场,"Will the price of Bitcoin be above $76,000 on May 23?"
1779477004,YES_NO_SL25,2277981,price_range_daily,SELL_YES,YES,0.655,17.420431162530832,0.4311148358611668,0.0,-7.790818837469168,0.0,触发实验止损,"Will the price of Bitcoin be above $76,000 on May 23?"
1779478506,YES_NO_SL25,2277981,price_range_daily,BUY_NO,NO,0.5563874999999999,25.0,0.7787500000000002,0.0625,0.0,0.0018708333333333355,实验策略信号入场,"Will the price of Bitcoin be above $76,000 on May 23?"
1779493564,YES_NO_SL25,2277981,price_range_daily,SELL_NO,NO,0.755,33.34239850823392,0.5818000044932714,0.0,7.501148508233921,0.0,触发实验止盈,"Will the price of Bitcoin be above $76,000 on May 23?"
1779493624,YES_NO_SL25,2277981,price_range_daily,BUY_NO,NO,0.7468625,25.0,0.44625000000000004,0.0625,0.0,0.21336527777777778,实验策略信号入场,"Will the price of Bitcoin be above $76,000 on May 23?"
1779559804,YES_NO_SL25,2277981,price_range_daily,MARK_TO_MARKET_EXIT,NO,0.9995,33.455455907211835,0.0011709819411202247,0.0,7.946705907211836,0.0,回测结束平仓,"Will the price of Bitcoin be above $76,000 on May 23?"
1778997006,YES_NO_REV_SL25_CD60M,2277981,price_range_daily,BUY_YES,YES,0.7418499999999999,25.0,0.455,0.0625,0.0,0.006869444444444428,实验策略信号入场,"Will the price of Bitcoin be above $76,000 on May 23?"
1779114906,YES_NO_REV_SL25_CD60M,2277981,price_range_daily,SELL_YES,YES,0.555,18.12063591022444,0.5826059850374066,0.0,-7.396864089775558,0.0,触发实验止损,"Will the price of Bitcoin be above $76,000 on May 23?"
1779123306,YES_NO_REV_SL25_CD60M,2277981,price_range_daily,BUY_NO,NO,0.4360875,25.0,0.98875,0.0625,0.0,0.0023944444444444005,实验策略信号入场,"Will the price of Bitcoin be above $76,000 on May 23?"
1779150303,YES_NO_REV_SL25_CD60M,2277981,price_range_daily,SELL_NO,NO,0.31999999999999995,17.47172299137214,0.8732192507237652,0.0,-8.57952700862786,0.0,触发实验止损,"Will the price of Bitcoin be above $76,000 on May 23?"
1779150303,YES_NO_REV_SL25_CD60M,2277981,price_range_daily,BUY_YES,YES,0.6817,25.0,0.5599999999999999,0.0625,0.0,0.00961388888888896,NO 止损后反转尝试买 YES,"Will the price of Bitcoin be above $76,000 on May 23?"
1779421806,YES_NO_REV_SL25_CD60M,2277981,price_range_daily,SELL_YES,YES,0.925,33.74445320522224,0.17809336951738297,0.0,8.121953205222244,0.0,触发实验止盈,"Will the price of Bitcoin be above $76,000 on May 23?"
1779422105,YES_NO_REV_SL25_CD60M,2277981,price_range_daily,BUY_YES,YES,0.9273125,25.0,0.13124999999999995,0.0625,0.0,0.0017291666666667121,实验策略信号入场,"Will the price of Bitcoin be above $76,000 on May 23?"
1779477004,YES_NO_REV_SL25_CD60M,2277981,price_range_daily,SELL_YES,YES,0.655,17.232102176989958,0.426454134932938,0.0,-7.961647823010043,0.0,触发实验止损,"Will the price of Bitcoin be above $76,000 on May 23?"
1779478506,YES_NO_REV_SL25_CD60M,2277981,price_range_daily,BUY_NO,NO,0.5563874999999999,25.0,0.7787500000000002,0.0625,0.0,0.0018708333333333355,实验策略信号入场,"Will the price of Bitcoin be above $76,000 on May 23?"
1779493564,YES_NO_REV_SL25_CD60M,2277981,price_range_daily,SELL_NO,NO,0.755,33.34239850823392,0.5818000044932714,0.0,7.501148508233921,0.0,触发实验止盈,"Will the price of Bitcoin be above $76,000 on May 23?"
1779493624,YES_NO_REV_SL25_CD60M,2277981,price_range_daily,BUY_NO,NO,0.7468625,25.0,0.44625000000000004,0.0625,0.0,0.21336527777777778,实验策略信号入场,"Will the price of Bitcoin be above $76,000 on May 23?"
1779559804,YES_NO_REV_SL25_CD60M,2277981,price_range_daily,MARK_TO_MARKET_EXIT,NO,0.9995,33.455455907211835,0.0011709819411202247,0.0,7.946705907211836,0.0,回测结束平仓,"Will the price of Bitcoin be above $76,000 on May 23?"
1778997006,YES_NO_REV_SL15_CD60M,2277981,price_range_daily,BUY_YES,YES,0.7418499999999999,25.0,0.455,0.0625,0.0,0.006869444444444428,实验策略信号入场,"Will the price of Bitcoin be above $76,000 on May 23?"
1779063008,YES_NO_REV_SL15_CD60M,2277981,price_range_daily,SELL_YES,YES,0.625,20.509326346296422,0.5528829952146661,0.0,-5.008173653703576,0.0,触发实验止损,"Will the price of Bitcoin be above $76,000 on May 23?"
1779068707,YES_NO_REV_SL15_CD60M,2277981,price_range_daily,BUY_NO,NO,0.401,25.0,1.05,0.0625,0.0,0.003868055555555569,实验策略信号入场,"Will the price of Bitcoin be above $76,000 on May 23?"
1779104703,YES_NO_REV_SL15_CD60M,2277981,price_range_daily,SELL_NO,NO,0.33999999999999997,20.217705735660843,0.9793017456359102,0.0,-5.894794264339158,0.0,触发实验止损,"Will the price of Bitcoin be above $76,000 on May 23?"
1779123306,YES_NO_REV_SL15_CD60M,2277981,price_range_daily,BUY_NO,NO,0.4360875,25.0,0.98875,0.0625,0.0,0.0023944444444444005,实验策略信号入场,"Will the price of Bitcoin be above $76,000 on May 23?"
1779133805,YES_NO_REV_SL15_CD60M,2277981,price_range_daily,SELL_NO,NO,0.37,20.27591939691002,0.9354200705133718,0.0,-5.77533060308998,0.0,触发实验止损,"Will the price of Bitcoin be above $76,000 on May 23?"
1779143408,YES_NO_REV_SL15_CD60M,2277981,price_range_daily,BUY_YES,YES,0.6666625,25.0,0.5862499999999999,0.0625,0.0,0.001966666666666707,实验策略信号入场,"Will the price of Bitcoin be above $76,000 on May 23?"
1779202204,YES_NO_REV_SL15_CD60M,2277981,price_range_daily,SELL_YES,YES,0.545,19.786689291808077,0.6509384433652712,0.0,-5.8620607081919225,0.0,触发实验止损,"Will the price of Bitcoin be above $76,000 on May 23?"
1779260104,YES_NO_REV_SL15_CD60M,2277981,price_range_daily,BUY_YES,YES,0.7217999999999999,25.0,0.49000000000000005,0.0625,0.0,0.0017541666666666227,实验策略信号入场,"Will the price of Bitcoin be above $76,000 on May 23?"
1779423307,YES_NO_REV_SL15_CD60M,2277981,price_range_daily,SELL_YES,YES,0.94,32.42075367137712,0.13674147963424788,0.0,6.868253671377122,0.0,触发实验止盈,"Will the price of Bitcoin be above $76,000 on May 23?"
1779423608,YES_NO_REV_SL15_CD60M,2277981,price_range_daily,BUY_YES,YES,0.9473624999999999,25.0,0.09625000000000009,0.0625,0.0,0.009344444444444457,实验策略信号入场,"Will the price of Bitcoin be above $76,000 on May 23?"
1779463504,YES_NO_REV_SL15_CD60M,2277981,price_range_daily,SELL_YES,YES,0.785,20.40364036997454,0.31176687909854994,0.0,-4.755109630025462,0.0,触发实验止损,"Will the price of Bitcoin be above $76,000 on May 23?"
1779478506,YES_NO_REV_SL15_CD60M,2277981,price_range_daily,BUY_NO,NO,0.5563874999999999,25.0,0.7787500000000002,0.0625,0.0,0.0018708333333333355,实验策略信号入场,"Will the price of Bitcoin be above $76,000 on May 23?"
1779483305,YES_NO_REV_SL15_CD60M,2277981,price_range_daily,SELL_NO,NO,0.43500000000000005,18.772696636786417,0.7730336321358768,0.0,-7.0685533632135815,0.0,触发实验止损,"Will the price of Bitcoin be above $76,000 on May 23?"
1779487217,YES_NO_REV_SL15_CD60M,2277981,price_range_daily,BUY_NO,NO,0.49623749999999994,25.0,0.8837500000000001,0.0625,0.0,0.19708055555555554,实验策略信号入场,"Will the price of Bitcoin be above $76,000 on May 23?"
1779489724,YES_NO_REV_SL15_CD60M,2277981,price_range_daily,SELL_NO,NO,0.655,32.20140305801154,0.7969092420463992,0.0,6.255153058011544,0.0,触发实验止盈,"Will the price of Bitcoin be above $76,000 on May 23?"
1779489784,YES_NO_REV_SL15_CD60M,2277981,price_range_daily,BUY_NO,NO,0.6566375,25.0,0.60375,0.0625,0.0,0.18463472222222216,实验策略信号入场,"Will the price of Bitcoin be above $76,000 on May 23?"
1779513905,YES_NO_REV_SL15_CD60M,2277981,price_range_daily,SELL_NO,NO,0.865,32.62171860425273,0.31121623422360134,0.0,6.955468604252726,0.0,触发实验止盈,"Will the price of Bitcoin be above $76,000 on May 23?"
1779514205,YES_NO_REV_SL15_CD60M,2277981,price_range_daily,BUY_NO,NO,0.8571374999999999,25.0,0.2537500000000001,0.0625,0.0,0.0415861111111111,实验策略信号入场,"Will the price of Bitcoin be above $76,000 on May 23?"
1779559804,YES_NO_REV_SL15_CD60M,2277981,price_range_daily,MARK_TO_MARKET_EXIT,NO,0.9995,29.151245205699208,0.0010203292937246403,0.0,3.834995205699208,0.0,回测结束平仓,"Will the price of Bitcoin be above $76,000 on May 23?"
1778997006,YES_NO_REV_SL12_CD60M,2277981,price_range_daily,BUY_YES,YES,0.7418499999999999,25.0,0.455,0.0625,0.0,0.006869444444444428,实验策略信号入场,"Will the price of Bitcoin be above $76,000 on May 23?"
1779061507,YES_NO_REV_SL12_CD60M,2277981,price_range_daily,SELL_YES,YES,0.645,21.196055469434526,0.5401445710049202,0.0,-4.321444530565472,0.0,触发实验止损,"Will the price of Bitcoin be above $76,000 on May 23?"
1779068707,YES_NO_REV_SL12_CD60M,2277981,price_range_daily,BUY_NO,NO,0.401,25.0,1.05,0.0625,0.0,0.003868055555555569,实验策略信号入场,"Will the price of Bitcoin be above $76,000 on May 23?"
1779104703,YES_NO_REV_SL12_CD60M,2277981,price_range_daily,SELL_NO,NO,0.33999999999999997,20.217705735660843,0.9793017456359102,0.0,-5.894794264339158,0.0,触发实验止损,"Will the price of Bitcoin be above $76,000 on May 23?"
1779123306,YES_NO_REV_SL12_CD60M,2277981,price_range_daily,BUY_NO,NO,0.4360875,25.0,0.98875,0.0625,0.0,0.0023944444444444005,实验策略信号入场,"Will the price of Bitcoin be above $76,000 on May 23?"
1779133505,YES_NO_REV_SL12_CD60M,2277981,price_range_daily,SELL_NO,NO,0.375,20.55744260039556,0.9405365895605813,0.0,-5.493807399604439,0.0,触发实验止损,"Will the price of Bitcoin be above $76,000 on May 23?"
1779143408,YES_NO_REV_SL12_CD60M,2277981,price_range_daily,BUY_YES,YES,0.6666625,25.0,0.5862499999999999,0.0625,0.0,0.001966666666666707,实验策略信号入场,"Will the price of Bitcoin be above $76,000 on May 23?"
1779154205,YES_NO_REV_SL12_CD60M,2277981,price_range_daily,SELL_YES,YES,0.575,20.921146382164885,0.641488384302402,0.0,-4.727603617835115,0.0,触发实验止损,"Will the price of Bitcoin be above $76,000 on May 23?"
1779260104,YES_NO_REV_SL12_CD60M,2277981,price_range_daily,BUY_YES,YES,0.7217999999999999,25.0,0.49000000000000005,0.0625,0.0,0.0017541666666666227,实验策略信号入场,"Will the price of Bitcoin be above $76,000 on May 23?"
1779384609,YES_NO_REV_SL12_CD60M,2277981,price_range_daily,SELL_YES,YES,0.905,31.136802091992248,0.2084458991410363,0.0,5.5843020919922495,0.0,触发实验止盈,"Will the price of Bitcoin be above $76,000 on May 23?"
1779386410,YES_NO_REV_SL12_CD60M,2277981,price_range_daily,BUY_YES,YES,0.9172875,25.0,0.14874999999999994,0.0625,0.0,0.004188888888888874,实验策略信号入场,"Will the price of Bitcoin be above $76,000 on May 23?"
1779463504,YES_NO_REV_SL12_CD60M,2277981,price_range_daily,SELL_YES,YES,0.785,21.072612185383537,0.321988743987027,0.0,-4.138637814616462,0.0,触发实验止损,"Will the price of Bitcoin be above $76,000 on May 23?"
1779478506,YES_NO_REV_SL12_CD60M,2277981,price_range_daily,BUY_NO,NO,0.5563874999999999,25.0,0.7787500000000002,0.0625,0.0,0.0018708333333333355,实验策略信号入场,"Will the price of Bitcoin be above $76,000 on May 23?"
1779483305,YES_NO_REV_SL12_CD60M,2277981,price_range_daily,SELL_NO,NO,0.43500000000000005,18.772696636786417,0.7730336321358768,0.0,-7.0685533632135815,0.0,触发实验止损,"Will the price of Bitcoin be above $76,000 on May 23?"
1779487217,YES_NO_REV_SL12_CD60M,2277981,price_range_daily,BUY_NO,NO,0.49623749999999994,25.0,0.8837500000000001,0.0625,0.0,0.19708055555555554,实验策略信号入场,"Will the price of Bitcoin be above $76,000 on May 23?"
1779489318,YES_NO_REV_SL12_CD60M,2277981,price_range_daily,SELL_NO,NO,0.625,30.66040706315021,0.8265321544623292,0.0,4.7141570631502105,0.0,触发实验止盈,"Will the price of Bitcoin be above $76,000 on May 23?"
1779489606,YES_NO_REV_SL12_CD60M,2277981,price_range_daily,BUY_NO,NO,0.6365875,25.0,0.63875,0.0625,0.0,0.18087361111111114,实验策略信号入场,"Will the price of Bitcoin be above $76,000 on May 23?"
1779495604,YES_NO_REV_SL12_CD60M,2277981,price_range_daily,SELL_NO,NO,0.8049999999999999,31.18234924499774,0.43152944410627,0.0,5.48109924499774,0.0,触发实验止盈,"Will the price of Bitcoin be above $76,000 on May 23?"
1779495844,YES_NO_REV_SL12_CD60M,2277981,price_range_daily,BUY_NO,NO,0.7869625,25.0,0.37625,0.0625,0.0,0.22571388888888888,实验策略信号入场,"Will the price of Bitcoin be above $76,000 on May 23?"
1779536420,YES_NO_REV_SL12_CD60M,2277981,price_range_daily,SELL_NO,NO,0.985,31.25834299601315,0.0328557586924409,0.0,5.819592996013149,0.0,触发实验止盈,"Will the price of Bitcoin be above $76,000 on May 23?"
1779548406,YES_NO_REV_SL12_CD60M,2277981,price_range_daily,BUY_NO,NO,0.96089625,25.0,0.07262499999999998,0.0625,0.0,0.010390138888888891,实验策略信号入场,"Will the price of Bitcoin be above $76,000 on May 23?"
1779559804,YES_NO_REV_SL12_CD60M,2277981,price_range_daily,MARK_TO_MARKET_EXIT,NO,0.9995,26.00345816470821,0.0009101528911158762,0.0,0.8683331647082113,0.0,回测结束平仓,"Will the price of Bitcoin be above $76,000 on May 23?"
1779142805,YES_ONLY_SL25,2269343,price_range_daily,BUY_YES,YES,0.6766875,25.0,0.56875,0.0625,0.0,0.0022499999999999742,实验策略信号入场,"Will the price of Bitcoin be above $76,000 on May 22?"
1779330623,YES_ONLY_SL25,2269343,price_range_daily,SELL_YES,YES,0.915,33.603241895261846,0.2011360487669714,0.0,7.971991895261844,0.0,触发实验止盈,"Will the price of Bitcoin be above $76,000 on May 22?"
1779330907,YES_ONLY_SL25,2269343,price_range_daily,BUY_YES,YES,0.9172875,25.0,0.14874999999999994,0.0625,0.0,0.04342500000000001,实验策略信号入场,"Will the price of Bitcoin be above $76,000 on May 22?"
1779476409,YES_ONLY_SL25,2269343,price_range_daily,MARK_TO_MARKET_EXIT,YES,0.9995,27.239688143030403,0.0009534224547918769,0.0,2.028438143030403,0.0,回测结束平仓,"Will the price of Bitcoin be above $76,000 on May 22?"
1778925612,YES_NO_SL25,2269343,price_range_daily,BUY_NO,NO,0.290725,25.0,1.2425,0.0625,0.0,0.0015847222222223067,实验策略信号入场,"Will the price of Bitcoin be above $76,000 on May 22?"
1779084604,YES_NO_SL25,2269343,price_range_daily,SELL_NO,NO,0.395,32.52831283859317,1.4384942815375357,0.0,6.2233128385931735,0.0,触发实验止盈,"Will the price of Bitcoin be above $76,000 on May 22?"
1779084904,YES_NO_SL25,2269343,price_range_daily,BUY_NO,NO,0.3759375,25.0,1.09375,0.0625,0.0,0.007743055555555559,实验策略信号入场,"Will the price of Bitcoin be above $76,000 on May 22?"
1779108306,YES_NO_SL25,2269343,price_range_daily,SELL_NO,NO,0.28,17.68166251039069,0.9384538653366584,0.0,-8.47458748960931,0.0,触发实验止损,"Will the price of Bitcoin be above $76,000 on May 22?"
1779122108,YES_NO_SL25,2269343,price_range_daily,BUY_NO,NO,0.4360875,25.0,0.98875,0.0625,0.0,0.0021166666666666903,实验策略信号入场,"Will the price of Bitcoin be above $76,000 on May 22?"
1779136206,YES_NO_SL25,2269343,price_range_daily,SELL_NO,NO,0.31999999999999995,17.47172299137214,0.8732192507237652,0.0,-8.57952700862786,0.0,触发实验止损,"Will the price of Bitcoin be above $76,000 on May 22?"
1779142805,YES_NO_SL25,2269343,price_range_daily,BUY_YES,YES,0.6766875,25.0,0.56875,0.0625,0.0,0.0022499999999999742,实验策略信号入场,"Will the price of Bitcoin be above $76,000 on May 22?"
1779330623,YES_NO_SL25,2269343,price_range_daily,SELL_YES,YES,0.915,33.603241895261846,0.2011360487669714,0.0,7.971991895261844,0.0,触发实验止盈,"Will the price of Bitcoin be above $76,000 on May 22?"
1779330907,YES_NO_SL25,2269343,price_range_daily,BUY_YES,YES,0.9172875,25.0,0.14874999999999994,0.0625,0.0,0.04342500000000001,实验策略信号入场,"Will the price of Bitcoin be above $76,000 on May 22?"
1779476409,YES_NO_SL25,2269343,price_range_daily,MARK_TO_MARKET_EXIT,YES,0.9995,27.239688143030403,0.0009534224547918769,0.0,2.028438143030403,0.0,回测结束平仓,"Will the price of Bitcoin be above $76,000 on May 22?"
1778925612,YES_NO_REV_SL25_CD60M,2269343,price_range_daily,BUY_NO,NO,0.290725,25.0,1.2425,0.0625,0.0,0.0015847222222223067,实验策略信号入场,"Will the price of Bitcoin be above $76,000 on May 22?"
1779084604,YES_NO_REV_SL25_CD60M,2269343,price_range_daily,SELL_NO,NO,0.395,32.52831283859317,1.4384942815375357,0.0,6.2233128385931735,0.0,触发实验止盈,"Will the price of Bitcoin be above $76,000 on May 22?"
1779084904,YES_NO_REV_SL25_CD60M,2269343,price_range_daily,BUY_NO,NO,0.3759375,25.0,1.09375,0.0625,0.0,0.007743055555555559,实验策略信号入场,"Will the price of Bitcoin be above $76,000 on May 22?"
1779108306,YES_NO_REV_SL25_CD60M,2269343,price_range_daily,SELL_NO,NO,0.28,17.68166251039069,0.9384538653366584,0.0,-8.47458748960931,0.0,触发实验止损,"Will the price of Bitcoin be above $76,000 on May 22?"
1779122108,YES_NO_REV_SL25_CD60M,2269343,price_range_daily,BUY_NO,NO,0.4360875,25.0,0.98875,0.0625,0.0,0.0021166666666666903,实验策略信号入场,"Will the price of Bitcoin be above $76,000 on May 22?"
1779136206,YES_NO_REV_SL25_CD60M,2269343,price_range_daily,SELL_NO,NO,0.31999999999999995,17.47172299137214,0.8732192507237652,0.0,-8.57952700862786,0.0,触发实验止损,"Will the price of Bitcoin be above $76,000 on May 22?"
1779142805,YES_NO_REV_SL25_CD60M,2269343,price_range_daily,BUY_YES,YES,0.6766875,25.0,0.56875,0.0625,0.0,0.0022499999999999742,实验策略信号入场,"Will the price of Bitcoin be above $76,000 on May 22?"
1779330623,YES_NO_REV_SL25_CD60M,2269343,price_range_daily,SELL_YES,YES,0.915,33.603241895261846,0.2011360487669714,0.0,7.971991895261844,0.0,触发实验止盈,"Will the price of Bitcoin be above $76,000 on May 22?"
1779330907,YES_NO_REV_SL25_CD60M,2269343,price_range_daily,BUY_YES,YES,0.9172875,25.0,0.14874999999999994,0.0625,0.0,0.04342500000000001,实验策略信号入场,"Will the price of Bitcoin be above $76,000 on May 22?"
1779476409,YES_NO_REV_SL25_CD60M,2269343,price_range_daily,MARK_TO_MARKET_EXIT,YES,0.9995,27.239688143030403,0.0009534224547918769,0.0,2.028438143030403,0.0,回测结束平仓,"Will the price of Bitcoin be above $76,000 on May 22?"
1778925612,YES_NO_REV_SL15_CD60M,2269343,price_range_daily,BUY_NO,NO,0.290725,25.0,1.2425,0.0625,0.0,0.0015847222222223067,实验策略信号入场,"Will the price of Bitcoin be above $76,000 on May 22?"
1778968219,YES_NO_REV_SL15_CD60M,2269343,price_range_daily,SELL_NO,NO,0.245,19.95457476997162,1.1134448361853986,0.0,-6.350425230028378,0.0,触发实验止损,"Will the price of Bitcoin be above $76,000 on May 22?"
1779069006,YES_NO_REV_SL15_CD60M,2269343,price_range_daily,BUY_NO,NO,0.37092499999999995,25.0,1.1025000000000003,0.0625,0.0,0.002497222222222234,实验策略信号入场,"Will the price of Bitcoin be above $76,000 on May 22?"
1779106205,YES_NO_REV_SL15_CD60M,2269343,price_range_daily,SELL_NO,NO,0.31000000000000005,19.88454539327358,1.009166273505426,0.0,-6.280454606726419,0.0,触发实验止损,"Will the price of Bitcoin be above $76,000 on May 22?"
1779122108,YES_NO_REV_SL15_CD60M,2269343,price_range_daily,BUY_NO,NO,0.4360875,25.0,0.98875,0.0625,0.0,0.0021166666666666903,实验策略信号入场,"Will the price of Bitcoin be above $76,000 on May 22?"
1779133506,YES_NO_REV_SL15_CD60M,2269343,price_range_daily,SELL_NO,NO,0.345,18.87131309656892,0.90682775819073,0.0,-7.179936903431081,0.0,触发实验止损,"Will the price of Bitcoin be above $76,000 on May 22?"
1779142805,YES_NO_REV_SL15_CD60M,2269343,price_range_daily,BUY_YES,YES,0.6766875,25.0,0.56875,0.0625,0.0,0.0022499999999999742,实验策略信号入场,"Will the price of Bitcoin be above $76,000 on May 22?"
1779201320,YES_NO_REV_SL15_CD60M,2269343,price_range_daily,SELL_YES,YES,0.555,19.86558603491272,0.6387087835965641,0.0,-5.765663965087281,0.0,触发实验止损,"Will the price of Bitcoin be above $76,000 on May 22?"
1779259807,YES_NO_REV_SL15_CD60M,2269343,price_range_daily,BUY_YES,YES,0.7568874999999999,25.0,0.4287500000000001,0.0625,0.0,0.004169444444444396,实验策略信号入场,"Will the price of Bitcoin be above $76,000 on May 22?"
1779450607,YES_NO_REV_SL15_CD60M,2269343,price_range_daily,SELL_YES,YES,0.9875,32.58859267394428,0.028539991081897805,0.0,7.097342673944276,0.0,触发实验止盈,"Will the price of Bitcoin be above $76,000 on May 22?"
1779459906,YES_NO_REV_SL15_CD60M,2269343,price_range_daily,BUY_YES,YES,0.97042,25.0,0.056000000000000064,0.0625,0.0,0.00265930555555546,实验策略信号入场,"Will the price of Bitcoin be above $76,000 on May 22?"
1779476409,YES_NO_REV_SL15_CD60M,2269343,price_range_daily,MARK_TO_MARKET_EXIT,YES,0.9995,25.74825893685209,0.0009012206055109168,0.0,0.6297589368520882,0.0,回测结束平仓,"Will the price of Bitcoin be above $76,000 on May 22?"
1778925612,YES_NO_REV_SL12_CD60M,2269343,price_range_daily,BUY_NO,NO,0.290725,25.0,1.2425,0.0625,0.0,0.0015847222222223067,实验策略信号入场,"Will the price of Bitcoin be above $76,000 on May 22?"
1778958007,YES_NO_REV_SL12_CD60M,2269343,price_range_daily,SELL_NO,NO,0.255,20.78439676670393,1.1435420070513374,0.0,-5.520603233296068,0.0,触发实验止损,"Will the price of Bitcoin be above $76,000 on May 22?"
1779069006,YES_NO_REV_SL12_CD60M,2269343,price_range_daily,BUY_NO,NO,0.37092499999999995,25.0,1.1025000000000003,0.0625,0.0,0.002497222222222234,实验策略信号入场,"Will the price of Bitcoin be above $76,000 on May 22?"
1779104704,YES_NO_REV_SL12_CD60M,2269343,price_range_daily,SELL_NO,NO,0.32499999999999996,20.869700748129674,1.0349969670418548,0.0,-5.2952992518703255,0.0,触发实验止损,"Will the price of Bitcoin be above $76,000 on May 22?"
1779122108,YES_NO_REV_SL12_CD60M,2269343,price_range_daily,BUY_NO,NO,0.4360875,25.0,0.98875,0.0625,0.0,0.0021166666666666903,实验策略信号入场,"Will the price of Bitcoin be above $76,000 on May 22?"
1779131105,YES_NO_REV_SL12_CD60M,2269343,price_range_daily,SELL_NO,NO,0.375,20.55744260039556,0.9405365895605813,0.0,-5.493807399604439,0.0,触发实验止损,"Will the price of Bitcoin be above $76,000 on May 22?"
1779142805,YES_NO_REV_SL12_CD60M,2269343,price_range_daily,BUY_YES,YES,0.6766875,25.0,0.56875,0.0625,0.0,0.0022499999999999742,实验策略信号入场,"Will the price of Bitcoin be above $76,000 on May 22?"
1779154206,YES_NO_REV_SL12_CD60M,2269343,price_range_daily,SELL_YES,YES,0.58,20.79793109818047,0.629980604045442,0.0,-4.833318901819531,0.0,触发实验止损,"Will the price of Bitcoin be above $76,000 on May 22?"
1779259807,YES_NO_REV_SL12_CD60M,2269343,price_range_daily,BUY_YES,YES,0.7568874999999999,25.0,0.4287500000000001,0.0625,0.0,0.004169444444444396,实验策略信号入场,"Will the price of Bitcoin be above $76,000 on May 22?"
1779408029,YES_NO_REV_SL12_CD60M,2269343,price_range_daily,SELL_YES,YES,0.955,31.444294891909298,0.0993625208501925,0.0,5.953044891909297,0.0,触发实验止盈,"Will the price of Bitcoin be above $76,000 on May 22?"
1779408185,YES_NO_REV_SL12_CD60M,2269343,price_range_daily,BUY_YES,YES,0.9473624999999999,25.0,0.09625000000000009,0.0625,0.0,0.015629166666666663,实验策略信号入场,"Will the price of Bitcoin be above $76,000 on May 22?"
1779476409,YES_NO_REV_SL12_CD60M,2269343,price_range_daily,MARK_TO_MARKET_EXIT,YES,0.9995,26.37493613848976,0.0009231550752746746,0.0,1.216186138489757,0.0,回测结束平仓,"Will the price of Bitcoin be above $76,000 on May 22?"
1779266405,YES_ONLY_SL25,2277984,price_range_daily,BUY_YES,YES,0.42606249999999996,25.0,1.00625,0.0625,0.0,0.002354166666666671,实验策略信号入场,"Will the price of Bitcoin be above $78,000 on May 23?"
1779370822,YES_ONLY_SL25,2277984,price_range_daily,SELL_YES,YES,0.26,14.465718057796687,0.7902596450051345,0.0,-11.603031942203314,0.0,触发实验止损,"Will the price of Bitcoin be above $78,000 on May 23?"
1779065105,YES_NO_SL25,2277984,price_range_daily,BUY_NO,NO,0.5764374999999999,25.0,0.7437500000000001,0.0625,0.0,0.0017430555555555394,实验策略信号入场,"Will the price of Bitcoin be above $78,000 on May 23?"
1779456904,YES_NO_SL25,2277984,price_range_daily,SELL_NO,NO,0.795,33.98424590697171,0.49477393472839637,0.0,8.17799590697171,0.0,触发实验止盈,"Will the price of Bitcoin be above $78,000 on May 23?"
1779457205,YES_NO_SL25,2277984,price_range_daily,BUY_NO,NO,0.7969875,25.0,0.35874999999999996,0.0625,0.0,0.02995555555555555,实验策略信号入场,"Will the price of Bitcoin be above $78,000 on May 23?"
1779559804,YES_NO_SL25,2277984,price_range_daily,MARK_TO_MARKET_EXIT,NO,0.9995,31.351339183487823,0.0010973352781566885,0.0,5.930089183487823,0.0,回测结束平仓,"Will the price of Bitcoin be above $78,000 on May 23?"
1779065105,YES_NO_REV_SL25_CD60M,2277984,price_range_daily,BUY_NO,NO,0.5764374999999999,25.0,0.7437500000000001,0.0625,0.0,0.0017430555555555394,实验策略信号入场,"Will the price of Bitcoin be above $78,000 on May 23?"
1779456904,YES_NO_REV_SL25_CD60M,2277984,price_range_daily,SELL_NO,NO,0.795,33.98424590697171,0.49477393472839637,0.0,8.17799590697171,0.0,触发实验止盈,"Will the price of Bitcoin be above $78,000 on May 23?"
1779457205,YES_NO_REV_SL25_CD60M,2277984,price_range_daily,BUY_NO,NO,0.7969875,25.0,0.35874999999999996,0.0625,0.0,0.02995555555555555,实验策略信号入场,"Will the price of Bitcoin be above $78,000 on May 23?"
1779559804,YES_NO_REV_SL25_CD60M,2277984,price_range_daily,MARK_TO_MARKET_EXIT,NO,0.9995,31.351339183487823,0.0010973352781566885,0.0,5.930089183487823,0.0,回测结束平仓,"Will the price of Bitcoin be above $78,000 on May 23?"
1779065105,YES_NO_REV_SL15_CD60M,2277984,price_range_daily,BUY_NO,NO,0.5764374999999999,25.0,0.7437500000000001,0.0625,0.0,0.0017430555555555394,实验策略信号入场,"Will the price of Bitcoin be above $78,000 on May 23?"
1779324905,YES_NO_REV_SL15_CD60M,2277984,price_range_daily,SELL_NO,NO,0.485,20.276081535292207,0.7582890599587988,0.0,-5.530168464707792,0.0,触发实验止损,"Will the price of Bitcoin be above $78,000 on May 23?"
1779331506,YES_NO_REV_SL15_CD60M,2277984,price_range_daily,BUY_YES,YES,0.5162875,25.0,0.84875,0.0625,0.0,0.003133333333333363,实验策略信号入场,"Will the price of Bitcoin be above $78,000 on May 23?"
1779345905,YES_NO_REV_SL15_CD60M,2277984,price_range_daily,SELL_YES,YES,0.435,20.230770161973705,0.8330750792920611,0.0,-5.680479838026294,0.0,触发实验止损,"Will the price of Bitcoin be above $78,000 on May 23?"
1779362406,YES_NO_REV_SL15_CD60M,2277984,price_range_daily,BUY_NO,NO,0.6416,25.0,0.63,0.0625,0.0,0.00202222222222221,实验策略信号入场,"Will the price of Bitcoin be above $78,000 on May 23?"
1779384307,YES_NO_REV_SL15_CD60M,2277984,price_range_daily,SELL_NO,NO,0.53,19.972062032418954,0.6794342269326683,0.0,-5.720437967581045,0.0,触发实验止损,"Will the price of Bitcoin be above $78,000 on May 23?"
1779435605,YES_NO_REV_SL15_CD60M,2277984,price_range_daily,BUY_NO,NO,0.6766875,25.0,0.56875,0.0625,0.0,0.0032569444444444096,实验策略信号入场,"Will the price of Bitcoin be above $78,000 on May 23?"
1779459905,YES_NO_REV_SL15_CD60M,2277984,price_range_daily,SELL_NO,NO,0.885,32.432834580216124,0.2632031033527293,0.0,6.801584580216122,0.0,触发实验止盈,"Will the price of Bitcoin be above $78,000 on May 23?"
1779460205,YES_NO_REV_SL15_CD60M,2277984,price_range_daily,BUY_NO,NO,0.8872125,25.0,0.20124999999999998,0.0625,0.0,0.04326944444444442,实验策略信号入场,"Will the price of Bitcoin be above $78,000 on May 23?"
1779559804,YES_NO_REV_SL15_CD60M,2277984,price_range_daily,MARK_TO_MARKET_EXIT,NO,0.9995,28.16306740211618,0.0009857418600390591,0.0,2.8993174021161785,0.0,回测结束平仓,"Will the price of Bitcoin be above $78,000 on May 23?"
1779065105,YES_NO_REV_SL12_CD60M,2277984,price_range_daily,BUY_NO,NO,0.5764374999999999,25.0,0.7437500000000001,0.0625,0.0,0.0017430555555555394,实验策略信号入场,"Will the price of Bitcoin be above $78,000 on May 23?"
1779201319,YES_NO_REV_SL12_CD60M,2277984,price_range_daily,SELL_NO,NO,0.725,30.837851024612384,0.6052802775669524,0.0,5.031601024612385,0.0,触发实验止盈,"Will the price of Bitcoin be above $78,000 on May 23?"
1779206119,YES_NO_REV_SL12_CD60M,2277984,price_range_daily,BUY_NO,NO,0.7017499999999999,25.0,0.5250000000000001,0.0625,0.0,0.0016041666666666496,实验策略信号入场,"Will the price of Bitcoin be above $78,000 on May 23?"
1779218104,YES_NO_REV_SL12_CD60M,2277984,price_range_daily,SELL_NO,NO,0.615,21.31905058781618,0.5904613466334165,0.0,-4.26844941218382,0.0,触发实验止损,"Will the price of Bitcoin be above $78,000 on May 23?"
1779266405,YES_NO_REV_SL12_CD60M,2277984,price_range_daily,BUY_YES,YES,0.42606249999999996,25.0,1.00625,0.0625,0.0,0.002354166666666671,实验策略信号入场,"Will the price of Bitcoin be above $78,000 on May 23?"
1779284418,YES_NO_REV_SL12_CD60M,2277984,price_range_daily,SELL_YES,YES,0.365,20.465057943376856,0.9519876778641634,0.0,-5.603692056623146,0.0,触发实验止损,"Will the price of Bitcoin be above $78,000 on May 23?"
1779331506,YES_NO_REV_SL12_CD60M,2277984,price_range_daily,BUY_YES,YES,0.5162875,25.0,0.84875,0.0625,0.0,0.003133333333333363,实验策略信号入场,"Will the price of Bitcoin be above $78,000 on May 23?"
1779342904,YES_NO_REV_SL12_CD60M,2277984,price_range_daily,SELL_YES,YES,0.45,20.951262620148654,0.8389221121952402,0.0,-4.959987379851345,0.0,触发实验止损,"Will the price of Bitcoin be above $78,000 on May 23?"
1779362406,YES_NO_REV_SL12_CD60M,2277984,price_range_daily,BUY_NO,NO,0.6416,25.0,0.63,0.0625,0.0,0.00202222222222221,实验策略信号入场,"Will the price of Bitcoin be above $78,000 on May 23?"
1779384007,YES_NO_REV_SL12_CD60M,2277984,price_range_daily,SELL_NO,NO,0.5549999999999999,20.951985271197003,0.6736381701995013,0.0,-4.740514728802996,0.0,触发实验止损,"Will the price of Bitcoin be above $78,000 on May 23?"
1779435605,YES_NO_REV_SL12_CD60M,2277984,price_range_daily,BUY_NO,NO,0.6766875,25.0,0.56875,0.0625,0.0,0.0032569444444444096,实验策略信号入场,"Will the price of Bitcoin be above $78,000 on May 23?"
1779459305,YES_NO_REV_SL12_CD60M,2277984,price_range_daily,SELL_NO,NO,0.855,31.267082294264338,0.32061512884455534,0.0,5.635832294264336,0.0,触发实验止盈,"Will the price of Bitcoin be above $78,000 on May 23?"
1779459605,YES_NO_REV_SL12_CD60M,2277984,price_range_daily,BUY_NO,NO,0.8771875,25.0,0.21875000000000003,0.0625,0.0,0.039930555555555566,实验策略信号入场,"Will the price of Bitcoin be above $78,000 on May 23?"
1779559804,YES_NO_REV_SL12_CD60M,2277984,price_range_daily,MARK_TO_MARKET_EXIT,NO,0.9995,28.484931029568937,0.0009970074812966484,0.0,3.203681029568937,0.0,回测结束平仓,"Will the price of Bitcoin be above $78,000 on May 23?"
1779110405,YES_ONLY_SL25,2261230,price_range_daily,BUY_YES,YES,0.7268125,25.0,0.48125000000000007,0.0625,0.0,0.0023819444444444435,实验策略信号入场,"Will the price of Bitcoin be above $76,000 on May 21?"
1779116704,YES_ONLY_SL25,2261230,price_range_daily,SELL_YES,YES,0.545,18.14917017800327,0.5970676756384902,0.0,-7.394579821996729,0.0,触发实验止损,"Will the price of Bitcoin be above $76,000 on May 21?"
1779141607,YES_ONLY_SL25,2261230,price_range_daily,BUY_YES,YES,0.6967374999999999,25.0,0.5337500000000001,0.0625,0.0,0.003268055555555576,实验策略信号入场,"Will the price of Bitcoin be above $76,000 on May 21?"
1779310506,YES_ONLY_SL25,2261230,price_range_daily,SELL_YES,YES,0.945,33.77748972891513,0.13054593731498607,0.0,8.181239728915127,0.0,触发实验止盈,"Will the price of Bitcoin be above $76,000 on May 21?"
1779310809,YES_ONLY_SL25,2261230,price_range_daily,BUY_YES,YES,0.9473624999999999,25.0,0.09625000000000009,0.0625,0.0,0.029761111111111096,实验策略信号入场,"Will the price of Bitcoin be above $76,000 on May 21?"
1779391685,YES_ONLY_SL25,2261230,price_range_daily,MARK_TO_MARKET_EXIT,YES,0.9995,26.37493613848976,0.0009231550752746746,0.0,1.216186138489757,0.0,回测结束平仓,"Will the price of Bitcoin be above $76,000 on May 21?"
1778930109,YES_NO_SL25,2261230,price_range_daily,BUY_NO,NO,0.2556375,25.0,1.30375,0.0625,0.0,0.0016694444444443693,实验策略信号入场,"Will the price of Bitcoin be above $76,000 on May 21?"
1779063008,YES_NO_SL25,2261230,price_range_daily,SELL_NO,NO,0.36,33.62886900396068,1.5772333871204343,0.0,7.26261900396068,0.0,触发实验止盈,"Will the price of Bitcoin be above $76,000 on May 21?"
1779067807,YES_NO_SL25,2261230,price_range_daily,BUY_NO,NO,0.3659125,25.0,1.11125,0.0625,0.0,0.003223611111111073,实验策略信号入场,"Will the price of Bitcoin be above $76,000 on May 21?"
1779107707,YES_NO_SL25,2261230,price_range_daily,SELL_NO,NO,0.27,17.504389710654873,0.9426433915211974,0.0,-8.669360289345125,0.0,触发实验止损,"Will the price of Bitcoin be above $76,000 on May 21?"
1779110405,YES_NO_SL25,2261230,price_range_daily,BUY_YES,YES,0.7268125,25.0,0.48125000000000007,0.0625,0.0,0.0023819444444444435,实验策略信号入场,"Will the price of Bitcoin be above $76,000 on May 21?"
1779116704,YES_NO_SL25,2261230,price_range_daily,SELL_YES,YES,0.545,18.14917017800327,0.5970676756384902,0.0,-7.394579821996729,0.0,触发实验止损,"Will the price of Bitcoin be above $76,000 on May 21?"
1779121805,YES_NO_SL25,2261230,price_range_daily,BUY_NO,NO,0.4561374999999999,25.0,0.9537500000000001,0.0625,0.0,0.005773611111111042,实验策略信号入场,"Will the price of Bitcoin be above $76,000 on May 21?"
1779133505,YES_NO_SL25,2261230,price_range_daily,SELL_NO,NO,0.33499999999999996,17.506001479816945,0.8546901975829659,0.0,-8.510248520183055,0.0,触发实验止损,"Will the price of Bitcoin be above $76,000 on May 21?"
1779141607,YES_NO_SL25,2261230,price_range_daily,BUY_YES,YES,0.6967374999999999,25.0,0.5337500000000001,0.0625,0.0,0.003268055555555576,实验策略信号入场,"Will the price of Bitcoin be above $76,000 on May 21?"
1779310506,YES_NO_SL25,2261230,price_range_daily,SELL_YES,YES,0.945,33.77748972891513,0.13054593731498607,0.0,8.181239728915127,0.0,触发实验止盈,"Will the price of Bitcoin be above $76,000 on May 21?"
1779310809,YES_NO_SL25,2261230,price_range_daily,BUY_YES,YES,0.9473624999999999,25.0,0.09625000000000009,0.0625,0.0,0.029761111111111096,实验策略信号入场,"Will the price of Bitcoin be above $76,000 on May 21?"
1779391685,YES_NO_SL25,2261230,price_range_daily,MARK_TO_MARKET_EXIT,YES,0.9995,26.37493613848976,0.0009231550752746746,0.0,1.216186138489757,0.0,回测结束平仓,"Will the price of Bitcoin be above $76,000 on May 21?"
1778930109,YES_NO_REV_SL25_CD60M,2261230,price_range_daily,BUY_NO,NO,0.2556375,25.0,1.30375,0.0625,0.0,0.0016694444444443693,实验策略信号入场,"Will the price of Bitcoin be above $76,000 on May 21?"
1779063008,YES_NO_REV_SL25_CD60M,2261230,price_range_daily,SELL_NO,NO,0.36,33.62886900396068,1.5772333871204343,0.0,7.26261900396068,0.0,触发实验止盈,"Will the price of Bitcoin be above $76,000 on May 21?"
1779067807,YES_NO_REV_SL25_CD60M,2261230,price_range_daily,BUY_NO,NO,0.3659125,25.0,1.11125,0.0625,0.0,0.003223611111111073,实验策略信号入场,"Will the price of Bitcoin be above $76,000 on May 21?"
1779107707,YES_NO_REV_SL25_CD60M,2261230,price_range_daily,SELL_NO,NO,0.27,17.504389710654873,0.9426433915211974,0.0,-8.669360289345125,0.0,触发实验止损,"Will the price of Bitcoin be above $76,000 on May 21?"
1779110405,YES_NO_REV_SL25_CD60M,2261230,price_range_daily,BUY_YES,YES,0.7268125,25.0,0.48125000000000007,0.0625,0.0,0.0023819444444444435,实验策略信号入场,"Will the price of Bitcoin be above $76,000 on May 21?"
1779116704,YES_NO_REV_SL25_CD60M,2261230,price_range_daily,SELL_YES,YES,0.545,18.14917017800327,0.5970676756384902,0.0,-7.394579821996729,0.0,触发实验止损,"Will the price of Bitcoin be above $76,000 on May 21?"
1779121805,YES_NO_REV_SL25_CD60M,2261230,price_range_daily,BUY_NO,NO,0.4561374999999999,25.0,0.9537500000000001,0.0625,0.0,0.005773611111111042,实验策略信号入场,"Will the price of Bitcoin be above $76,000 on May 21?"
1779133505,YES_NO_REV_SL25_CD60M,2261230,price_range_daily,SELL_NO,NO,0.33499999999999996,17.506001479816945,0.8546901975829659,0.0,-8.510248520183055,0.0,触发实验止损,"Will the price of Bitcoin be above $76,000 on May 21?"
1779141607,YES_NO_REV_SL25_CD60M,2261230,price_range_daily,BUY_YES,YES,0.6967374999999999,25.0,0.5337500000000001,0.0625,0.0,0.003268055555555576,实验策略信号入场,"Will the price of Bitcoin be above $76,000 on May 21?"
1779310506,YES_NO_REV_SL25_CD60M,2261230,price_range_daily,SELL_YES,YES,0.945,33.77748972891513,0.13054593731498607,0.0,8.181239728915127,0.0,触发实验止盈,"Will the price of Bitcoin be above $76,000 on May 21?"
1779310809,YES_NO_REV_SL25_CD60M,2261230,price_range_daily,BUY_YES,YES,0.9473624999999999,25.0,0.09625000000000009,0.0625,0.0,0.029761111111111096,实验策略信号入场,"Will the price of Bitcoin be above $76,000 on May 21?"
1779391685,YES_NO_REV_SL25_CD60M,2261230,price_range_daily,MARK_TO_MARKET_EXIT,YES,0.9995,26.37493613848976,0.0009231550752746746,0.0,1.216186138489757,0.0,回测结束平仓,"Will the price of Bitcoin be above $76,000 on May 21?"
1778930109,YES_NO_REV_SL15_CD60M,2261230,price_range_daily,BUY_NO,NO,0.2556375,25.0,1.30375,0.0625,0.0,0.0016694444444443693,实验策略信号入场,"Will the price of Bitcoin be above $76,000 on May 21?"
1778994608,YES_NO_REV_SL15_CD60M,2261230,price_range_daily,SELL_NO,NO,0.21499999999999997,19.870495330301694,1.1553713754828614,0.0,-6.495754669698307,0.0,触发实验止损,"Will the price of Bitcoin be above $76,000 on May 21?"
1779067807,YES_NO_REV_SL15_CD60M,2261230,price_range_daily,BUY_NO,NO,0.3659125,25.0,1.11125,0.0625,0.0,0.003223611111111073,实验策略信号入场,"Will the price of Bitcoin be above $76,000 on May 21?"
1779104704,YES_NO_REV_SL15_CD60M,2261230,price_range_daily,SELL_NO,NO,0.30500000000000005,19.824531137908657,1.0137840330680152,0.0,-6.349218862091341,0.0,触发实验止损,"Will the price of Bitcoin be above $76,000 on May 21?"
1779110405,YES_NO_REV_SL15_CD60M,2261230,price_range_daily,BUY_YES,YES,0.7268125,25.0,0.48125000000000007,0.0625,0.0,0.0023819444444444435,实验策略信号入场,"Will the price of Bitcoin be above $76,000 on May 21?"
1779113707,YES_NO_REV_SL15_CD60M,2261230,price_range_daily,SELL_YES,YES,0.615,20.583910912374236,0.5701006105426091,0.0,-4.959839087625763,0.0,触发实验止损,"Will the price of Bitcoin be above $76,000 on May 21?"
1779121805,YES_NO_REV_SL15_CD60M,2261230,price_range_daily,BUY_NO,NO,0.4561374999999999,25.0,0.9537500000000001,0.0625,0.0,0.005773611111111042,实验策略信号入场,"Will the price of Bitcoin be above $76,000 on May 21?"
1779124805,YES_NO_REV_SL15_CD60M,2261230,price_range_daily,SELL_NO,NO,0.385,20.1926913485517,0.9084020717437179,0.0,-5.823558651448298,0.0,触发实验止损,"Will the price of Bitcoin be above $76,000 on May 21?"
1779128704,YES_NO_REV_SL15_CD60M,2261230,price_range_daily,BUY_NO,NO,0.4360875,25.0,0.98875,0.0625,0.0,0.00284583333333336,实验策略信号入场,"Will the price of Bitcoin be above $76,000 on May 21?"
1779131105,YES_NO_REV_SL15_CD60M,2261230,price_range_daily,SELL_NO,NO,0.36,19.71347493335626,0.9245850890016338,0.0,-6.33777506664374,0.0,触发实验止损,"Will the price of Bitcoin be above $76,000 on May 21?"
1779141607,YES_NO_REV_SL15_CD60M,2261230,price_range_daily,BUY_YES,YES,0.6967374999999999,25.0,0.5337500000000001,0.0625,0.0,0.003268055555555576,实验策略信号入场,"Will the price of Bitcoin be above $76,000 on May 21?"
1779201319,YES_NO_REV_SL15_CD60M,2261230,price_range_daily,SELL_YES,YES,0.565,19.655743734189706,0.6173146271013117,0.0,-5.940506265810296,0.0,触发实验止损,"Will the price of Bitcoin be above $76,000 on May 21?"
1779224406,YES_NO_REV_SL15_CD60M,2261230,price_range_daily,BUY_YES,YES,0.7368374999999999,25.0,0.4637500000000001,0.0625,0.0,0.003429166666666719,实验策略信号入场,"Will the price of Bitcoin be above $76,000 on May 21?"
1779324607,YES_NO_REV_SL15_CD60M,2261230,price_range_daily,SELL_YES,YES,0.965,32.66105993519602,0.08021612635078977,0.0,7.134809935196021,0.0,触发实验止盈,"Will the price of Bitcoin be above $76,000 on May 21?"
1779325208,YES_NO_REV_SL15_CD60M,2261230,price_range_daily,BUY_YES,YES,0.9689162499999999,25.0,0.05862499999999996,0.0625,0.0,0.025863333333333342,实验策略信号入场,"Will the price of Bitcoin be above $76,000 on May 21?"
1779391685,YES_NO_REV_SL15_CD60M,2261230,price_range_daily,MARK_TO_MARKET_EXIT,YES,0.9995,25.7882200215963,0.0009026192924310063,0.0,0.6670950215962996,0.0,回测结束平仓,"Will the price of Bitcoin be above $76,000 on May 21?"
1778930109,YES_NO_REV_SL12_CD60M,2261230,price_range_daily,BUY_NO,NO,0.2556375,25.0,1.30375,0.0625,0.0,0.0016694444444443693,实验策略信号入场,"Will the price of Bitcoin be above $76,000 on May 21?"
1778970904,YES_NO_REV_SL12_CD60M,2261230,price_range_daily,SELL_NO,NO,0.21999999999999997,20.340130066989385,1.17471028311574,0.0,-6.026119933010616,0.0,触发实验止损,"Will the price of Bitcoin be above $76,000 on May 21?"
1779067807,YES_NO_REV_SL12_CD60M,2261230,price_range_daily,BUY_NO,NO,0.3659125,25.0,1.11125,0.0625,0.0,0.003223611111111073,实验策略信号入场,"Will the price of Bitcoin be above $76,000 on May 21?"
1779104704,YES_NO_REV_SL12_CD60M,2261230,price_range_daily,SELL_NO,NO,0.30500000000000005,19.824531137908657,1.0137840330680152,0.0,-6.349218862091341,0.0,触发实验止损,"Will the price of Bitcoin be above $76,000 on May 21?"
1779110405,YES_NO_REV_SL12_CD60M,2261230,price_range_daily,BUY_YES,YES,0.7268125,25.0,0.48125000000000007,0.0625,0.0,0.0023819444444444435,实验策略信号入场,"Will the price of Bitcoin be above $76,000 on May 21?"
1779111906,YES_NO_REV_SL12_CD60M,2261230,price_range_daily,SELL_YES,YES,0.635,21.28388511479921,0.5580617421962337,0.0,-4.259864885200788,0.0,触发实验止损,"Will the price of Bitcoin be above $76,000 on May 21?"
1779121805,YES_NO_REV_SL12_CD60M,2261230,price_range_daily,BUY_NO,NO,0.4561374999999999,25.0,0.9537500000000001,0.0625,0.0,0.005773611111111042,实验策略信号入场,"Will the price of Bitcoin be above $76,000 on May 21?"
1779124203,YES_NO_REV_SL12_CD60M,2261230,price_range_daily,SELL_NO,NO,0.4,21.00243895755118,0.9207749856128911,0.0,-5.013811042448818,0.0,触发实验止损,"Will the price of Bitcoin be above $76,000 on May 21?"
1779127804,YES_NO_REV_SL12_CD60M,2261230,price_range_daily,BUY_NO,NO,0.4060125,25.0,1.04125,0.0625,0.0,0.0047736111111112145,实验策略信号入场,"Will the price of Bitcoin be above $76,000 on May 21?"
1779133505,YES_NO_REV_SL12_CD60M,2261230,price_range_daily,SELL_NO,NO,0.33499999999999996,19.667236230411625,0.9602075059265418,0.0,-6.436513769588377,0.0,触发实验止损,"Will the price of Bitcoin be above $76,000 on May 21?"
1779141607,YES_NO_REV_SL12_CD60M,2261230,price_range_daily,BUY_YES,YES,0.6967374999999999,25.0,0.5337500000000001,0.0625,0.0,0.003268055555555576,实验策略信号入场,"Will the price of Bitcoin be above $76,000 on May 21?"
1779156304,YES_NO_REV_SL12_CD60M,2261230,price_range_daily,SELL_YES,YES,0.6,20.926102011159156,0.6028095229552021,0.0,-4.670147988840846,0.0,触发实验止损,"Will the price of Bitcoin be above $76,000 on May 21?"
1779179707,YES_NO_REV_SL12_CD60M,2261230,price_range_daily,BUY_YES,YES,0.7067625,25.0,0.5162500000000001,0.0625,0.0,0.001919444444444477,实验策略信号入场,"Will the price of Bitcoin be above $76,000 on May 21?"
1779200406,YES_NO_REV_SL12_CD60M,2261230,price_range_daily,SELL_YES,YES,0.61,20.9882032507384,0.5890592667268001,0.0,-4.590546749261598,0.0,触发实验止损,"Will the price of Bitcoin be above $76,000 on May 21?"
1779224406,YES_NO_REV_SL12_CD60M,2261230,price_range_daily,BUY_YES,YES,0.7368374999999999,25.0,0.4637500000000001,0.0625,0.0,0.003429166666666719,实验策略信号入场,"Will the price of Bitcoin be above $76,000 on May 21?"
1779236103,YES_NO_REV_SL12_CD60M,2261230,price_range_daily,SELL_YES,YES,0.645,21.340246322968092,0.5438190238688992,0.0,-4.186003677031909,0.0,触发实验止损,"Will the price of Bitcoin be above $76,000 on May 21?"
1779257704,YES_NO_REV_SL12_CD60M,2261230,price_range_daily,BUY_YES,YES,0.7869625,25.0,0.37625,0.0625,0.0,0.0032486111111111465,实验策略信号入场,"Will the price of Bitcoin be above $76,000 on May 21?"
1779330305,YES_NO_REV_SL12_CD60M,2261230,price_range_daily,SELL_YES,YES,0.986,31.29226996203758,0.03069650713979386,0.0,5.853519962037581,0.0,触发实验止盈,"Will the price of Bitcoin be above $76,000 on May 21?"
1779347705,YES_NO_REV_SL12_CD60M,2261230,price_range_daily,BUY_YES,YES,0.97042,25.0,0.056000000000000064,0.0625,0.0,0.015336388888888854,实验策略信号入场,"Will the price of Bitcoin be above $76,000 on May 21?"
1779391685,YES_NO_REV_SL12_CD60M,2261230,price_range_daily,MARK_TO_MARKET_EXIT,YES,0.9995,25.74825893685209,0.0009012206055109168,0.0,0.6297589368520882,0.0,回测结束平仓,"Will the price of Bitcoin be above $76,000 on May 21?"
1779021007,YES_ONLY_SL25,2251416,price_range_daily,BUY_YES,YES,0.82205,25.0,0.3150000000000001,0.0625,0.0,0.001983333333333337,实验策略信号入场,"Will the price of Bitcoin be above $76,000 on May 20?"
1779114907,YES_ONLY_SL25,2251416,price_range_daily,SELL_YES,YES,0.58,17.120248160087588,0.5185815947935042,0.0,-8.257251839912414,0.0,触发实验止损,"Will the price of Bitcoin be above $76,000 on May 20?"
1779115207,YES_ONLY_SL25,2251416,price_range_daily,BUY_YES,YES,0.611525,25.0,0.6825000000000001,0.0625,0.0,0.002248611111111125,实验策略信号入场,"Will the price of Bitcoin be above $76,000 on May 20?"
1779253809,YES_ONLY_SL25,2251416,price_range_daily,SELL_YES,YES,0.855,34.59882057152202,0.3547790360165162,0.0,8.853820571522018,0.0,触发实验止盈,"Will the price of Bitcoin be above $76,000 on May 20?"
1779255307,YES_ONLY_SL25,2251416,price_range_daily,BUY_YES,YES,0.9072625,25.0,0.16624999999999998,0.0625,0.0,0.0035583333333333265,实验策略信号入场,"Will the price of Bitcoin be above $76,000 on May 20?"
1779300307,YES_ONLY_SL25,2251416,price_range_daily,MARK_TO_MARKET_EXIT,YES,0.9995,27.540679172235162,0.0009639575095409585,0.0,2.3119291722351605,0.0,回测结束平仓,"Will the price of Bitcoin be above $76,000 on May 20?"
1778928307,YES_NO_SL25,2251416,price_range_daily,BUY_NO,NO,0.2656625,25.0,1.2862500000000001,0.0625,0.0,0.0022652777777777966,实验策略信号入场,"Will the price of Bitcoin be above $76,000 on May 20?"
1778971510,YES_NO_SL25,2251416,price_range_daily,SELL_NO,NO,0.19499999999999995,17.316308285889047,1.0340422528584199,0.0,-9.032441714110952,0.0,触发实验止损,"Will the price of Bitcoin be above $76,000 on May 20?"
1779021007,YES_NO_SL25,2251416,price_range_daily,BUY_YES,YES,0.82205,25.0,0.3150000000000001,0.0625,0.0,0.001983333333333337,实验策略信号入场,"Will the price of Bitcoin be above $76,000 on May 20?"
1779114907,YES_NO_SL25,2251416,price_range_daily,SELL_YES,YES,0.58,17.120248160087588,0.5185815947935042,0.0,-8.257251839912414,0.0,触发实验止损,"Will the price of Bitcoin be above $76,000 on May 20?"
1779115207,YES_NO_SL25,2251416,price_range_daily,BUY_YES,YES,0.611525,25.0,0.6825000000000001,0.0625,0.0,0.002248611111111125,实验策略信号入场,"Will the price of Bitcoin be above $76,000 on May 20?"
1779253809,YES_NO_SL25,2251416,price_range_daily,SELL_YES,YES,0.855,34.59882057152202,0.3547790360165162,0.0,8.853820571522018,0.0,触发实验止盈,"Will the price of Bitcoin be above $76,000 on May 20?"
1779255307,YES_NO_SL25,2251416,price_range_daily,BUY_YES,YES,0.9072625,25.0,0.16624999999999998,0.0625,0.0,0.0035583333333333265,实验策略信号入场,"Will the price of Bitcoin be above $76,000 on May 20?"
1779300307,YES_NO_SL25,2251416,price_range_daily,MARK_TO_MARKET_EXIT,YES,0.9995,27.540679172235162,0.0009639575095409585,0.0,2.3119291722351605,0.0,回测结束平仓,"Will the price of Bitcoin be above $76,000 on May 20?"
1778928307,YES_NO_REV_SL25_CD60M,2251416,price_range_daily,BUY_NO,NO,0.2656625,25.0,1.2862500000000001,0.0625,0.0,0.0022652777777777966,实验策略信号入场,"Will the price of Bitcoin be above $76,000 on May 20?"
1778971510,YES_NO_REV_SL25_CD60M,2251416,price_range_daily,SELL_NO,NO,0.19499999999999995,17.316308285889047,1.0340422528584199,0.0,-9.032441714110952,0.0,触发实验止损,"Will the price of Bitcoin be above $76,000 on May 20?"
1779021007,YES_NO_REV_SL25_CD60M,2251416,price_range_daily,BUY_YES,YES,0.82205,25.0,0.3150000000000001,0.0625,0.0,0.001983333333333337,实验策略信号入场,"Will the price of Bitcoin be above $76,000 on May 20?"
1779114907,YES_NO_REV_SL25_CD60M,2251416,price_range_daily,SELL_YES,YES,0.58,17.120248160087588,0.5185815947935042,0.0,-8.257251839912414,0.0,触发实验止损,"Will the price of Bitcoin be above $76,000 on May 20?"
1779121507,YES_NO_REV_SL25_CD60M,2251416,price_range_daily,BUY_NO,NO,0.401,25.0,1.05,0.0625,0.0,0.006993055555555502,实验策略信号入场,"Will the price of Bitcoin be above $76,000 on May 20?"
1779133505,YES_NO_REV_SL25_CD60M,2251416,price_range_daily,SELL_NO,NO,0.29500000000000004,17.483899625935162,0.9076215710723193,0.0,-8.628600374064838,0.0,触发实验止损,"Will the price of Bitcoin be above $76,000 on May 20?"
1779140107,YES_NO_REV_SL25_CD60M,2251416,price_range_daily,BUY_YES,YES,0.7468625,25.0,0.44625000000000004,0.0625,0.0,0.0020111111111110573,实验策略信号入场,"Will the price of Bitcoin be above $76,000 on May 20?"
1779300307,YES_NO_REV_SL25_CD60M,2251416,price_range_daily,MARK_TO_MARKET_EXIT,YES,0.9995,33.455455907211835,0.0011709819411202247,0.0,7.946705907211836,0.0,回测结束平仓,"Will the price of Bitcoin be above $76,000 on May 20?"
1778928307,YES_NO_REV_SL15_CD60M,2251416,price_range_daily,BUY_NO,NO,0.2656625,25.0,1.2862500000000001,0.0625,0.0,0.0022652777777777966,实验策略信号入场,"Will the price of Bitcoin be above $76,000 on May 20?"
1778931609,YES_NO_REV_SL15_CD60M,2251416,price_range_daily,SELL_NO,NO,0.21999999999999997,19.57257798898979,1.1303815931868444,0.0,-6.77617201101021,0.0,触发实验止损,"Will the price of Bitcoin be above $76,000 on May 20?"
1778935210,YES_NO_REV_SL15_CD60M,2251416,price_range_daily,BUY_NO,NO,0.24561249999999998,25.0,1.3212500000000003,0.0625,0.0,0.0031222222222222554,实验策略信号入场,"Will the price of Bitcoin be above $76,000 on May 20?"
1778963108,YES_NO_REV_SL15_CD60M,2251416,price_range_daily,SELL_NO,NO,0.20499999999999996,19.704997709807113,1.1612041325258282,0.0,-6.678752290192886,0.0,触发实验止损,"Will the price of Bitcoin be above $76,000 on May 20?"
1779021007,YES_NO_REV_SL15_CD60M,2251416,price_range_daily,BUY_YES,YES,0.82205,25.0,0.3150000000000001,0.0625,0.0,0.001983333333333337,实验策略信号入场,"Will the price of Bitcoin be above $76,000 on May 20?"
1779061508,YES_NO_REV_SL15_CD60M,2251416,price_range_daily,SELL_YES,YES,0.695,20.684926403503436,0.45125752691442134,0.0,-4.692573596496565,0.0,触发实验止损,"Will the price of Bitcoin be above $76,000 on May 20?"
1779067808,YES_NO_REV_SL15_CD60M,2251416,price_range_daily,BUY_NO,NO,0.34586249999999996,25.0,1.1462500000000002,0.0625,0.0,0.0025180555555555095,实验策略信号入场,"Will the price of Bitcoin be above $76,000 on May 20?"
1779104418,YES_NO_REV_SL15_CD60M,2251416,price_range_daily,SELL_NO,NO,0.29000000000000004,19.920271784307353,1.0418157504788756,0.0,-6.288478215692649,0.0,触发实验止损,"Will the price of Bitcoin be above $76,000 on May 20?"
1779109807,YES_NO_REV_SL15_CD60M,2251416,price_range_daily,BUY_YES,YES,0.7669125,25.0,0.41125,0.0625,0.0,0.0029944444444444385,实验策略信号入场,"Will the price of Bitcoin be above $76,000 on May 20?"
1779111906,YES_NO_REV_SL15_CD60M,2251416,price_range_daily,SELL_YES,YES,0.645,20.503373918145815,0.5224927876387464,0.0,-4.970376081854184,0.0,触发实验止损,"Will the price of Bitcoin be above $76,000 on May 20?"
1779121507,YES_NO_REV_SL15_CD60M,2251416,price_range_daily,BUY_NO,NO,0.401,25.0,1.05,0.0625,0.0,0.006993055555555502,实验策略信号入场,"Will the price of Bitcoin be above $76,000 on May 20?"
1779131105,YES_NO_REV_SL15_CD60M,2251416,price_range_daily,SELL_NO,NO,0.32499999999999996,19.304473192019945,0.9573721945137157,0.0,-6.808026807980056,0.0,触发实验止损,"Will the price of Bitcoin be above $76,000 on May 20?"
1779140107,YES_NO_REV_SL15_CD60M,2251416,price_range_daily,BUY_YES,YES,0.7468625,25.0,0.44625000000000004,0.0625,0.0,0.0020111111111110573,实验策略信号入场,"Will the price of Bitcoin be above $76,000 on May 20?"
1779156304,YES_NO_REV_SL15_CD60M,2251416,price_range_daily,SELL_YES,YES,0.625,20.371679860750806,0.5491723710857086,0.0,-5.137070139249193,0.0,触发实验止损,"Will the price of Bitcoin be above $76,000 on May 20?"
1779179107,YES_NO_REV_SL15_CD60M,2251416,price_range_daily,BUY_YES,YES,0.7568874999999999,25.0,0.4287500000000001,0.0625,0.0,0.002051388888888842,实验策略信号入场,"Will the price of Bitcoin be above $76,000 on May 20?"
1779200406,YES_NO_REV_SL15_CD60M,2251416,price_range_daily,SELL_YES,YES,0.635,20.43816782546944,0.5358871034334693,0.0,-5.053082174530562,0.0,触发实验止损,"Will the price of Bitcoin be above $76,000 on May 20?"
1779217805,YES_NO_REV_SL15_CD60M,2251416,price_range_daily,BUY_YES,YES,0.7769375,25.0,0.39375,0.0625,0.0,0.0019583333333332772,实验策略信号入场,"Will the price of Bitcoin be above $76,000 on May 20?"
1779300307,YES_NO_REV_SL15_CD60M,2251416,price_range_daily,MARK_TO_MARKET_EXIT,YES,0.9995,32.16040600112622,0.0011256536079155709,0.0,6.7041560011262185,0.0,回测结束平仓,"Will the price of Bitcoin be above $76,000 on May 20?"
1778928307,YES_NO_REV_SL12_CD60M,2251416,price_range_daily,BUY_NO,NO,0.2656625,25.0,1.2862500000000001,0.0625,0.0,0.0022652777777777966,实验策略信号入场,"Will the price of Bitcoin be above $76,000 on May 20?"
1778930405,YES_NO_REV_SL12_CD60M,2251416,price_range_daily,SELL_NO,NO,0.22999999999999998,20.477391427092645,1.1666117724556533,0.0,-5.871358572907354,0.0,触发实验止损,"Will the price of Bitcoin be above $76,000 on May 20?"
1778934006,YES_NO_REV_SL12_CD60M,2251416,price_range_daily,BUY_NO,NO,0.24059999999999998,25.0,1.33,0.0625,0.0,0.004786111111111019,实验策略信号入场,"Will the price of Bitcoin be above $76,000 on May 20?"
1778947208,YES_NO_REV_SL12_CD60M,2251416,price_range_daily,SELL_NO,NO,0.20999999999999996,20.613778054862838,1.2066708229426433,0.0,-5.7787219451371605,0.0,触发实验止损,"Will the price of Bitcoin be above $76,000 on May 20?"
1779021007,YES_NO_REV_SL12_CD60M,2251416,price_range_daily,BUY_YES,YES,0.82205,25.0,0.3150000000000001,0.0625,0.0,0.001983333333333337,实验策略信号入场,"Will the price of Bitcoin be above $76,000 on May 20?"
1779061508,YES_NO_REV_SL12_CD60M,2251416,price_range_daily,SELL_YES,YES,0.695,20.684926403503436,0.45125752691442134,0.0,-4.692573596496565,0.0,触发实验止损,"Will the price of Bitcoin be above $76,000 on May 20?"
1779067808,YES_NO_REV_SL12_CD60M,2251416,price_range_daily,BUY_NO,NO,0.34586249999999996,25.0,1.1462500000000002,0.0625,0.0,0.0025180555555555095,实验策略信号入场,"Will the price of Bitcoin be above $76,000 on May 20?"
1779070207,YES_NO_REV_SL12_CD60M,2251416,price_range_daily,SELL_NO,NO,0.30000000000000004,20.622357150601765,1.0625609888322676,0.0,-5.586392849398237,0.0,触发实验止损,"Will the price of Bitcoin be above $76,000 on May 20?"
1779074110,YES_NO_REV_SL12_CD60M,2251416,price_range_daily,BUY_NO,NO,0.34084999999999993,25.0,1.155,0.0625,0.0,0.03664722222222224,实验策略信号入场,"Will the price of Bitcoin be above $76,000 on May 20?"
1779104418,YES_NO_REV_SL12_CD60M,2251416,price_range_daily,SELL_NO,NO,0.29000000000000004,20.213216957605994,1.057136570338859,0.0,-6.0042830423940075,0.0,触发实验止损,"Will the price of Bitcoin be above $76,000 on May 20?"
1779109807,YES_NO_REV_SL12_CD60M,2251416,price_range_daily,BUY_YES,YES,0.7669125,25.0,0.41125,0.0625,0.0,0.0029944444444444385,实验策略信号入场,"Will the price of Bitcoin be above $76,000 on May 20?"
1779111906,YES_NO_REV_SL12_CD60M,2251416,price_range_daily,SELL_YES,YES,0.645,20.503373918145815,0.5224927876387464,0.0,-4.970376081854184,0.0,触发实验止损,"Will the price of Bitcoin be above $76,000 on May 20?"
1779121507,YES_NO_REV_SL12_CD60M,2251416,price_range_daily,BUY_NO,NO,0.401,25.0,1.05,0.0625,0.0,0.006993055555555502,实验策略信号入场,"Will the price of Bitcoin be above $76,000 on May 20?"
1779126605,YES_NO_REV_SL12_CD60M,2251416,price_range_daily,SELL_NO,NO,0.345,20.522552992518698,0.9861751870324189,0.0,-5.589947007481303,0.0,触发实验止损,"Will the price of Bitcoin be above $76,000 on May 20?"
1779140107,YES_NO_REV_SL12_CD60M,2251416,price_range_daily,BUY_YES,YES,0.7468625,25.0,0.44625000000000004,0.0625,0.0,0.0020111111111110573,实验策略信号入场,"Will the price of Bitcoin be above $76,000 on May 20?"
1779156004,YES_NO_REV_SL12_CD60M,2251416,price_range_daily,SELL_YES,YES,0.655,21.39556310565867,0.5294900333059968,0.0,-4.113186894341329,0.0,触发实验止损,"Will the price of Bitcoin be above $76,000 on May 20?"
1779179107,YES_NO_REV_SL12_CD60M,2251416,price_range_daily,BUY_YES,YES,0.7568874999999999,25.0,0.4287500000000001,0.0625,0.0,0.002051388888888842,实验策略信号入场,"Will the price of Bitcoin be above $76,000 on May 20?"
1779197407,YES_NO_REV_SL12_CD60M,2251416,price_range_daily,SELL_YES,YES,0.655,21.112178163861866,0.5224769202820763,0.0,-4.379071836138134,0.0,触发实验止损,"Will the price of Bitcoin be above $76,000 on May 20?"
1779217805,YES_NO_REV_SL12_CD60M,2251416,price_range_daily,BUY_YES,YES,0.7769375,25.0,0.39375,0.0625,0.0,0.0019583333333332772,实验策略信号入场,"Will the price of Bitcoin be above $76,000 on May 20?"
1779270606,YES_NO_REV_SL12_CD60M,2251416,price_range_daily,SELL_YES,YES,0.974,31.283961708631647,0.05704062424583707,0.0,5.827711708631647,0.0,触发实验止盈,"Will the price of Bitcoin be above $76,000 on May 20?"
1779284418,YES_NO_REV_SL12_CD60M,2251416,price_range_daily,BUY_YES,YES,0.95788875,25.0,0.07787499999999999,0.0625,0.0,0.06486069444444446,实验策略信号入场,"Will the price of Bitcoin be above $76,000 on May 20?"
1779300307,YES_NO_REV_SL12_CD60M,2251416,price_range_daily,MARK_TO_MARKET_EXIT,YES,0.9995,26.085101675429428,0.0009130105140079198,0.0,0.944726675429429,0.0,回测结束平仓,"Will the price of Bitcoin be above $76,000 on May 20?"
1778824509,YES_NO_SL25,2261237,price_range_daily,BUY_NO,NO,0.6766875,25.0,0.56875,0.0625,0.0,0.0017291666666666705,实验策略信号入场,"Will the price of Bitcoin be above $82,000 on May 21?"
1778983207,YES_NO_SL25,2261237,price_range_daily,SELL_NO,NO,0.915,33.603241895261846,0.2011360487669714,0.0,7.971991895261844,0.0,触发实验止盈,"Will the price of Bitcoin be above $82,000 on May 21?"
1778983505,YES_NO_SL25,2261237,price_range_daily,BUY_NO,NO,0.912275,25.0,0.15749999999999995,0.0625,0.0,0.0019291666666666693,实验策略信号入场,"Will the price of Bitcoin be above $82,000 on May 21?"
1779391685,YES_NO_SL25,2261237,price_range_daily,MARK_TO_MARKET_EXIT,NO,0.9995,27.389356759200904,0.0009586610397083159,0.0,2.1693567592009053,0.0,回测结束平仓,"Will the price of Bitcoin be above $82,000 on May 21?"
1778824509,YES_NO_REV_SL25_CD60M,2261237,price_range_daily,BUY_NO,NO,0.6766875,25.0,0.56875,0.0625,0.0,0.0017291666666666705,实验策略信号入场,"Will the price of Bitcoin be above $82,000 on May 21?"
1778983207,YES_NO_REV_SL25_CD60M,2261237,price_range_daily,SELL_NO,NO,0.915,33.603241895261846,0.2011360487669714,0.0,7.971991895261844,0.0,触发实验止盈,"Will the price of Bitcoin be above $82,000 on May 21?"
1778983505,YES_NO_REV_SL25_CD60M,2261237,price_range_daily,BUY_NO,NO,0.912275,25.0,0.15749999999999995,0.0625,0.0,0.0019291666666666693,实验策略信号入场,"Will the price of Bitcoin be above $82,000 on May 21?"
1779391685,YES_NO_REV_SL25_CD60M,2261237,price_range_daily,MARK_TO_MARKET_EXIT,NO,0.9995,27.389356759200904,0.0009586610397083159,0.0,2.1693567592009053,0.0,回测结束平仓,"Will the price of Bitcoin be above $82,000 on May 21?"
1778824509,YES_NO_REV_SL15_CD60M,2261237,price_range_daily,BUY_NO,NO,0.6766875,25.0,0.56875,0.0625,0.0,0.0017291666666666705,实验策略信号入场,"Will the price of Bitcoin be above $82,000 on May 21?"
1778915704,YES_NO_REV_SL15_CD60M,2261237,price_range_daily,SELL_NO,NO,0.88,32.238219266648194,0.27309504017733444,0.0,6.606969266648193,0.0,触发实验止盈,"Will the price of Bitcoin be above $82,000 on May 21?"
1778916307,YES_NO_REV_SL15_CD60M,2261237,price_range_daily,BUY_NO,NO,0.8771875,25.0,0.21875000000000003,0.0625,0.0,0.0019791666666666846,实验策略信号入场,"Will the price of Bitcoin be above $82,000 on May 21?"
1779391685,YES_NO_REV_SL15_CD60M,2261237,price_range_daily,MARK_TO_MARKET_EXIT,NO,0.9995,28.484931029568937,0.0009970074812966484,0.0,3.203681029568937,0.0,回测结束平仓,"Will the price of Bitcoin be above $82,000 on May 21?"
1778824509,YES_NO_REV_SL12_CD60M,2261237,price_range_daily,BUY_NO,NO,0.6766875,25.0,0.56875,0.0625,0.0,0.0017291666666666705,实验策略信号入场,"Will the price of Bitcoin be above $82,000 on May 21?"
1778914208,YES_NO_REV_SL12_CD60M,2261237,price_range_daily,SELL_NO,NO,0.86,31.461051076013664,0.31136972383855177,0.0,5.829801076013663,0.0,触发实验止盈,"Will the price of Bitcoin be above $82,000 on May 21?"
1778916307,YES_NO_REV_SL12_CD60M,2261237,price_range_daily,BUY_NO,NO,0.8771875,25.0,0.21875000000000003,0.0625,0.0,0.0019791666666666846,实验策略信号入场,"Will the price of Bitcoin be above $82,000 on May 21?"
1779391685,YES_NO_REV_SL12_CD60M,2261237,price_range_daily,MARK_TO_MARKET_EXIT,NO,0.9995,28.484931029568937,0.0009970074812966484,0.0,3.203681029568937,0.0,回测结束平仓,"Will the price of Bitcoin be above $82,000 on May 21?"
1779646504,YES_ONLY_SL25,2340209,price_range_daily,BUY_YES,YES,0.6265624999999999,25.0,0.6562500000000001,0.0625,0.0,0.00413194444444448,实验策略信号入场,Bitcoin Up or Down on May 25?
1779658804,YES_ONLY_SL25,2340209,price_range_daily,SELL_YES,YES,0.445,17.065805486284294,0.6898054862842895,0.0,-8.652944513715706,0.0,触发实验止损,Bitcoin Up or Down on May 25?
1779664505,YES_ONLY_SL25,2340209,price_range_daily,BUY_YES,YES,0.6967374999999999,25.0,0.5337500000000001,0.0625,0.0,0.0020180555555556028,实验策略信号入场,Bitcoin Up or Down on May 25?
1779699316,YES_ONLY_SL25,2340209,price_range_daily,SELL_YES,YES,0.955,34.15891027826119,0.10794058020416597,0.0,8.562660278261188,0.0,触发实验止盈,Bitcoin Up or Down on May 25?
1779699605,YES_ONLY_SL25,2340209,price_range_daily,BUY_YES,YES,0.9573875,25.0,0.07875000000000007,0.0625,0.0,0.11108611111111115,实验策略信号入场,Bitcoin Up or Down on May 25?
1779741904,YES_ONLY_SL25,2340209,price_range_daily,MARK_TO_MARKET_EXIT,YES,0.9995,26.098758796725466,0.0009134885299838403,0.0,0.9575087967254667,0.0,回测结束平仓,Bitcoin Up or Down on May 25?
1779646504,YES_NO_SL25,2340209,price_range_daily,BUY_YES,YES,0.6265624999999999,25.0,0.6562500000000001,0.0625,0.0,0.00413194444444448,实验策略信号入场,Bitcoin Up or Down on May 25?
1779658804,YES_NO_SL25,2340209,price_range_daily,SELL_YES,YES,0.445,17.065805486284294,0.6898054862842895,0.0,-8.652944513715706,0.0,触发实验止损,Bitcoin Up or Down on May 25?
1779664505,YES_NO_SL25,2340209,price_range_daily,BUY_YES,YES,0.6967374999999999,25.0,0.5337500000000001,0.0625,0.0,0.0020180555555556028,实验策略信号入场,Bitcoin Up or Down on May 25?
1779699316,YES_NO_SL25,2340209,price_range_daily,SELL_YES,YES,0.955,34.15891027826119,0.10794058020416597,0.0,8.562660278261188,0.0,触发实验止盈,Bitcoin Up or Down on May 25?
1779699605,YES_NO_SL25,2340209,price_range_daily,BUY_YES,YES,0.9573875,25.0,0.07875000000000007,0.0625,0.0,0.11108611111111115,实验策略信号入场,Bitcoin Up or Down on May 25?
1779741904,YES_NO_SL25,2340209,price_range_daily,MARK_TO_MARKET_EXIT,YES,0.9995,26.098758796725466,0.0009134885299838403,0.0,0.9575087967254667,0.0,回测结束平仓,Bitcoin Up or Down on May 25?
1779646504,YES_NO_REV_SL25_CD60M,2340209,price_range_daily,BUY_YES,YES,0.6265624999999999,25.0,0.6562500000000001,0.0625,0.0,0.00413194444444448,实验策略信号入场,Bitcoin Up or Down on May 25?
1779658804,YES_NO_REV_SL25_CD60M,2340209,price_range_daily,SELL_YES,YES,0.445,17.065805486284294,0.6898054862842895,0.0,-8.652944513715706,0.0,触发实验止损,Bitcoin Up or Down on May 25?
1779664505,YES_NO_REV_SL25_CD60M,2340209,price_range_daily,BUY_YES,YES,0.6967374999999999,25.0,0.5337500000000001,0.0625,0.0,0.0020180555555556028,实验策略信号入场,Bitcoin Up or Down on May 25?
1779699316,YES_NO_REV_SL25_CD60M,2340209,price_range_daily,SELL_YES,YES,0.955,34.15891027826119,0.10794058020416597,0.0,8.562660278261188,0.0,触发实验止盈,Bitcoin Up or Down on May 25?
1779699605,YES_NO_REV_SL25_CD60M,2340209,price_range_daily,BUY_YES,YES,0.9573875,25.0,0.07875000000000007,0.0625,0.0,0.11108611111111115,实验策略信号入场,Bitcoin Up or Down on May 25?
1779741904,YES_NO_REV_SL25_CD60M,2340209,price_range_daily,MARK_TO_MARKET_EXIT,YES,0.9995,26.098758796725466,0.0009134885299838403,0.0,0.9575087967254667,0.0,回测结束平仓,Bitcoin Up or Down on May 25?
1779646504,YES_NO_REV_SL15_CD60M,2340209,price_range_daily,BUY_YES,YES,0.6265624999999999,25.0,0.6562500000000001,0.0625,0.0,0.00413194444444448,实验策略信号入场,Bitcoin Up or Down on May 25?
1779658504,YES_NO_REV_SL15_CD60M,2340209,price_range_daily,SELL_YES,YES,0.515,19.85100249376559,0.6976259351620949,0.0,-5.867747506234409,0.0,触发实验止损,Bitcoin Up or Down on May 25?
1779664505,YES_NO_REV_SL15_CD60M,2340209,price_range_daily,BUY_YES,YES,0.6967374999999999,25.0,0.5337500000000001,0.0625,0.0,0.0020180555555556028,实验策略信号入场,Bitcoin Up or Down on May 25?
1779687618,YES_NO_REV_SL15_CD60M,2340209,price_range_daily,SELL_YES,YES,0.915,32.63624212849173,0.1953479610326701,0.0,7.039992128491729,0.0,触发实验止盈,Bitcoin Up or Down on May 25?
1779687903,YES_NO_REV_SL15_CD60M,2340209,price_range_daily,BUY_YES,YES,0.9172875,25.0,0.14874999999999994,0.0625,0.0,0.10863333333333333,实验策略信号入场,Bitcoin Up or Down on May 25?
1779741904,YES_NO_REV_SL15_CD60M,2340209,price_range_daily,MARK_TO_MARKET_EXIT,YES,0.9995,27.239688143030403,0.0009534224547918769,0.0,2.028438143030403,0.0,回测结束平仓,Bitcoin Up or Down on May 25?
1779646504,YES_NO_REV_SL12_CD60M,2340209,price_range_daily,BUY_YES,YES,0.6265624999999999,25.0,0.6562500000000001,0.0625,0.0,0.00413194444444448,实验策略信号入场,Bitcoin Up or Down on May 25?
1779658504,YES_NO_REV_SL12_CD60M,2340209,price_range_daily,SELL_YES,YES,0.515,19.85100249376559,0.6976259351620949,0.0,-5.867747506234409,0.0,触发实验止损,Bitcoin Up or Down on May 25?
1779664505,YES_NO_REV_SL12_CD60M,2340209,price_range_daily,BUY_YES,YES,0.6967374999999999,25.0,0.5337500000000001,0.0625,0.0,0.0020180555555556028,实验策略信号入场,Bitcoin Up or Down on May 25?
1779684904,YES_NO_REV_SL12_CD60M,2340209,price_range_daily,SELL_YES,YES,0.895,31.877922101221777,0.2360376038321463,0.0,6.281672101221776,0.0,触发实验止盈,Bitcoin Up or Down on May 25?
1779685206,YES_NO_REV_SL12_CD60M,2340209,price_range_daily,BUY_YES,YES,0.8972375,25.0,0.18375,0.0625,0.0,0.10396944444444448,实验策略信号入场,Bitcoin Up or Down on May 25?
1779741904,YES_NO_REV_SL12_CD60M,2340209,price_range_daily,MARK_TO_MARKET_EXIT,YES,0.9995,27.848396257958456,0.0009747279845078965,0.0,2.6021462579584558,0.0,回测结束平仓,Bitcoin Up or Down on May 25?
1778970605,YES_ONLY_SL25,2269341,price_range_daily,BUY_YES,YES,0.8922249999999999,25.0,0.19249999999999998,0.0625,0.0,0.0019180555555555687,实验策略信号入场,"Will the price of Bitcoin be above $74,000 on May 22?"
1779476407,YES_ONLY_SL25,2269341,price_range_daily,MARK_TO_MARKET_EXIT,YES,0.9995,28.004847922329013,0.0009802039844208623,0.0,2.749847922329014,0.0,回测结束平仓,"Will the price of Bitcoin be above $74,000 on May 22?"
1778970605,YES_NO_SL25,2269341,price_range_daily,BUY_YES,YES,0.8922249999999999,25.0,0.19249999999999998,0.0625,0.0,0.0019180555555555687,实验策略信号入场,"Will the price of Bitcoin be above $74,000 on May 22?"
1779476407,YES_NO_SL25,2269341,price_range_daily,MARK_TO_MARKET_EXIT,YES,0.9995,28.004847922329013,0.0009802039844208623,0.0,2.749847922329014,0.0,回测结束平仓,"Will the price of Bitcoin be above $74,000 on May 22?"
1778970605,YES_NO_REV_SL25_CD60M,2269341,price_range_daily,BUY_YES,YES,0.8922249999999999,25.0,0.19249999999999998,0.0625,0.0,0.0019180555555555687,实验策略信号入场,"Will the price of Bitcoin be above $74,000 on May 22?"
1779476407,YES_NO_REV_SL25_CD60M,2269341,price_range_daily,MARK_TO_MARKET_EXIT,YES,0.9995,28.004847922329013,0.0009802039844208623,0.0,2.749847922329014,0.0,回测结束平仓,"Will the price of Bitcoin be above $74,000 on May 22?"
1778970605,YES_NO_REV_SL15_CD60M,2269341,price_range_daily,BUY_YES,YES,0.8922249999999999,25.0,0.19249999999999998,0.0625,0.0,0.0019180555555555687,实验策略信号入场,"Will the price of Bitcoin be above $74,000 on May 22?"
1779116704,YES_NO_REV_SL15_CD60M,2269341,price_range_daily,SELL_YES,YES,0.755,20.792169856258234,0.3628078679705232,0.0,-4.4628301437417655,0.0,触发实验止损,"Will the price of Bitcoin be above $74,000 on May 22?"
1779140405,YES_NO_REV_SL15_CD60M,2269341,price_range_daily,BUY_YES,YES,0.86215,25.0,0.24500000000000002,0.0625,0.0,0.002283333333333283,实验策略信号入场,"Will the price of Bitcoin be above $74,000 on May 22?"
1779476407,YES_NO_REV_SL15_CD60M,2269341,price_range_daily,MARK_TO_MARKET_EXIT,YES,0.9995,28.98176122194514,0.0010143971466681017,0.0,3.6742612219451374,0.0,回测结束平仓,"Will the price of Bitcoin be above $74,000 on May 22?"
1778970605,YES_NO_REV_SL12_CD60M,2269341,price_range_daily,BUY_YES,YES,0.8922249999999999,25.0,0.19249999999999998,0.0625,0.0,0.0019180555555555687,实验策略信号入场,"Will the price of Bitcoin be above $74,000 on May 22?"
1779114906,YES_NO_REV_SL12_CD60M,2269341,price_range_daily,SELL_YES,YES,0.775,21.373357336994594,0.34201714814088374,0.0,-3.8816426630054046,0.0,触发实验止损,"Will the price of Bitcoin be above $74,000 on May 22?"
1779140405,YES_NO_REV_SL12_CD60M,2269341,price_range_daily,BUY_YES,YES,0.86215,25.0,0.24500000000000002,0.0625,0.0,0.002283333333333283,实验策略信号入场,"Will the price of Bitcoin be above $74,000 on May 22?"
1779476407,YES_NO_REV_SL12_CD60M,2269341,price_range_daily,MARK_TO_MARKET_EXIT,YES,0.9995,28.98176122194514,0.0010143971466681017,0.0,3.6742612219451374,0.0,回测结束平仓,"Will the price of Bitcoin be above $74,000 on May 22?"
1779108003,YES_ONLY_SL25,2251413,price_range_daily,BUY_YES,YES,0.9438537499999999,25.0,0.10237500000000001,0.0625,0.0,0.00212722222222219,实验策略信号入场,"Will the price of Bitcoin be above $74,000 on May 20?"
1779300306,YES_ONLY_SL25,2251413,price_range_daily,MARK_TO_MARKET_EXIT,YES,0.9995,26.472984228223922,0.0009265868785284838,0.0,1.3081092282239233,0.0,回测结束平仓,"Will the price of Bitcoin be above $74,000 on May 20?"
1779108003,YES_NO_SL25,2251413,price_range_daily,BUY_YES,YES,0.9438537499999999,25.0,0.10237500000000001,0.0625,0.0,0.00212722222222219,实验策略信号入场,"Will the price of Bitcoin be above $74,000 on May 20?"
1779300306,YES_NO_SL25,2251413,price_range_daily,MARK_TO_MARKET_EXIT,YES,0.9995,26.472984228223922,0.0009265868785284838,0.0,1.3081092282239233,0.0,回测结束平仓,"Will the price of Bitcoin be above $74,000 on May 20?"
1779108003,YES_NO_REV_SL25_CD60M,2251413,price_range_daily,BUY_YES,YES,0.9438537499999999,25.0,0.10237500000000001,0.0625,0.0,0.00212722222222219,实验策略信号入场,"Will the price of Bitcoin be above $74,000 on May 20?"
1779300306,YES_NO_REV_SL25_CD60M,2251413,price_range_daily,MARK_TO_MARKET_EXIT,YES,0.9995,26.472984228223922,0.0009265868785284838,0.0,1.3081092282239233,0.0,回测结束平仓,"Will the price of Bitcoin be above $74,000 on May 20?"
1779108003,YES_NO_REV_SL15_CD60M,2251413,price_range_daily,BUY_YES,YES,0.9438537499999999,25.0,0.10237500000000001,0.0625,0.0,0.00212722222222219,实验策略信号入场,"Will the price of Bitcoin be above $74,000 on May 20?"
1779300306,YES_NO_REV_SL15_CD60M,2251413,price_range_daily,MARK_TO_MARKET_EXIT,YES,0.9995,26.472984228223922,0.0009265868785284838,0.0,1.3081092282239233,0.0,回测结束平仓,"Will the price of Bitcoin be above $74,000 on May 20?"
1779108003,YES_NO_REV_SL12_CD60M,2251413,price_range_daily,BUY_YES,YES,0.9438537499999999,25.0,0.10237500000000001,0.0625,0.0,0.00212722222222219,实验策略信号入场,"Will the price of Bitcoin be above $74,000 on May 20?"
1779300306,YES_NO_REV_SL12_CD60M,2251413,price_range_daily,MARK_TO_MARKET_EXIT,YES,0.9995,26.472984228223922,0.0009265868785284838,0.0,1.3081092282239233,0.0,回测结束平仓,"Will the price of Bitcoin be above $74,000 on May 20?"
1778919310,YES_NO_SL25,2269347,price_range_daily,BUY_NO,NO,0.6766875,25.0,0.56875,0.0625,0.0,0.002631944444444423,实验策略信号入场,"Will the price of Bitcoin be above $80,000 on May 22?"
1779200406,YES_NO_SL25,2269347,price_range_daily,SELL_NO,NO,0.92,33.79876235337582,0.19033896739632392,0.0,8.16751235337582,0.0,触发实验止盈,"Will the price of Bitcoin be above $80,000 on May 22?"
1779201906,YES_NO_SL25,2269347,price_range_daily,BUY_NO,NO,0.9223,25.0,0.13999999999999993,0.0625,0.0,0.0016569444444444505,实验策略信号入场,"Will the price of Bitcoin be above $80,000 on May 22?"
1779476407,YES_NO_SL25,2269347,price_range_daily,MARK_TO_MARKET_EXIT,NO,0.9995,27.09164635964437,0.0009482408110158341,0.0,1.8891463596443678,0.0,回测结束平仓,"Will the price of Bitcoin be above $80,000 on May 22?"
1778919310,YES_NO_REV_SL25_CD60M,2269347,price_range_daily,BUY_NO,NO,0.6766875,25.0,0.56875,0.0625,0.0,0.002631944444444423,实验策略信号入场,"Will the price of Bitcoin be above $80,000 on May 22?"
1779200406,YES_NO_REV_SL25_CD60M,2269347,price_range_daily,SELL_NO,NO,0.92,33.79876235337582,0.19033896739632392,0.0,8.16751235337582,0.0,触发实验止盈,"Will the price of Bitcoin be above $80,000 on May 22?"
1779201906,YES_NO_REV_SL25_CD60M,2269347,price_range_daily,BUY_NO,NO,0.9223,25.0,0.13999999999999993,0.0625,0.0,0.0016569444444444505,实验策略信号入场,"Will the price of Bitcoin be above $80,000 on May 22?"
1779476407,YES_NO_REV_SL25_CD60M,2269347,price_range_daily,MARK_TO_MARKET_EXIT,NO,0.9995,27.09164635964437,0.0009482408110158341,0.0,1.8891463596443678,0.0,回测结束平仓,"Will the price of Bitcoin be above $80,000 on May 22?"
1778919310,YES_NO_REV_SL15_CD60M,2269347,price_range_daily,BUY_NO,NO,0.6766875,25.0,0.56875,0.0625,0.0,0.002631944444444423,实验策略信号入场,"Will the price of Bitcoin be above $80,000 on May 22?"
1779116704,YES_NO_REV_SL15_CD60M,2269347,price_range_daily,SELL_NO,NO,0.88,32.238219266648194,0.27309504017733444,0.0,6.606969266648193,0.0,触发实验止盈,"Will the price of Bitcoin be above $80,000 on May 22?"
1779119704,YES_NO_REV_SL15_CD60M,2269347,price_range_daily,BUY_NO,NO,0.8822,25.0,0.21000000000000002,0.0625,0.0,0.0026763888888889052,实验策略信号入场,"Will the price of Bitcoin be above $80,000 on May 22?"
1779476407,YES_NO_REV_SL15_CD60M,2269347,price_range_daily,MARK_TO_MARKET_EXIT,NO,0.9995,28.323084830537294,0.0009913426660620084,0.0,3.050584830537293,0.0,回测结束平仓,"Will the price of Bitcoin be above $80,000 on May 22?"
1778919310,YES_NO_REV_SL12_CD60M,2269347,price_range_daily,BUY_NO,NO,0.6766875,25.0,0.56875,0.0625,0.0,0.002631944444444423,实验策略信号入场,"Will the price of Bitcoin be above $80,000 on May 22?"
1779113707,YES_NO_REV_SL12_CD60M,2269347,price_range_daily,SELL_NO,NO,0.855,31.267082294264338,0.32061512884455534,0.0,5.635832294264336,0.0,触发实验止盈,"Will the price of Bitcoin be above $80,000 on May 22?"
1779119704,YES_NO_REV_SL12_CD60M,2269347,price_range_daily,BUY_NO,NO,0.8822,25.0,0.21000000000000002,0.0625,0.0,0.0026763888888889052,实验策略信号入场,"Will the price of Bitcoin be above $80,000 on May 22?"
1779476407,YES_NO_REV_SL12_CD60M,2269347,price_range_daily,MARK_TO_MARKET_EXIT,NO,0.9995,28.323084830537294,0.0009913426660620084,0.0,3.050584830537293,0.0,回测结束平仓,"Will the price of Bitcoin be above $80,000 on May 22?"
1779164404,YES_NO_SL25,2293522,price_range_daily,BUY_NO,NO,0.8270624999999999,25.0,0.3062500000000001,0.0625,0.0,0.017159722222222243,实验策略信号入场,"Will the price of Bitcoin be above $80,000 on May 25?"
1779735303,YES_NO_SL25,2293522,price_range_daily,MARK_TO_MARKET_EXIT,NO,0.9995,30.21129048590645,0.0010574321771328091,0.0,4.842540485906451,0.0,回测结束平仓,"Will the price of Bitcoin be above $80,000 on May 25?"
1779164404,YES_NO_REV_SL25_CD60M,2293522,price_range_daily,BUY_NO,NO,0.8270624999999999,25.0,0.3062500000000001,0.0625,0.0,0.017159722222222243,实验策略信号入场,"Will the price of Bitcoin be above $80,000 on May 25?"
1779735303,YES_NO_REV_SL25_CD60M,2293522,price_range_daily,MARK_TO_MARKET_EXIT,NO,0.9995,30.21129048590645,0.0010574321771328091,0.0,4.842540485906451,0.0,回测结束平仓,"Will the price of Bitcoin be above $80,000 on May 25?"
1779164404,YES_NO_REV_SL15_CD60M,2293522,price_range_daily,BUY_NO,NO,0.8270624999999999,25.0,0.3062500000000001,0.0625,0.0,0.017159722222222243,实验策略信号入场,"Will the price of Bitcoin be above $80,000 on May 25?"
1779735303,YES_NO_REV_SL15_CD60M,2293522,price_range_daily,MARK_TO_MARKET_EXIT,NO,0.9995,30.21129048590645,0.0010574321771328091,0.0,4.842540485906451,0.0,回测结束平仓,"Will the price of Bitcoin be above $80,000 on May 25?"
1779164404,YES_NO_REV_SL12_CD60M,2293522,price_range_daily,BUY_NO,NO,0.8270624999999999,25.0,0.3062500000000001,0.0625,0.0,0.017159722222222243,实验策略信号入场,"Will the price of Bitcoin be above $80,000 on May 25?"
1779735303,YES_NO_REV_SL12_CD60M,2293522,price_range_daily,MARK_TO_MARKET_EXIT,NO,0.9995,30.21129048590645,0.0010574321771328091,0.0,4.842540485906451,0.0,回测结束平仓,"Will the price of Bitcoin be above $80,000 on May 25?"
1779263405,YES_ONLY_SL25,2293512,price_range_daily,BUY_YES,YES,0.8521249999999999,25.0,0.26250000000000007,0.0625,0.0,0.001756944444444422,实验策略信号入场,"Will the price of Bitcoin be above $74,000 on May 25?"
1779522904,YES_ONLY_SL25,2293512,price_range_daily,SELL_YES,YES,0.6385,18.258552369077307,0.47402794484377303,0.0,-7.066447630922692,0.0,触发实验止损,"Will the price of Bitcoin be above $74,000 on May 25?"
1779550805,YES_ONLY_SL25,2293512,price_range_daily,BUY_YES,YES,0.81152375,25.0,0.33337500000000003,0.0625,0.0,0.003317777777777687,实验策略信号入场,"Will the price of Bitcoin be above $74,000 on May 25?"
1779735004,YES_ONLY_SL25,2293512,price_range_daily,MARK_TO_MARKET_EXIT,YES,0.9995,30.789764855926894,0.0010776794887394285,0.0,5.3938898559268935,0.0,回测结束平仓,"Will the price of Bitcoin be above $74,000 on May 25?"
1779263405,YES_NO_SL25,2293512,price_range_daily,BUY_YES,YES,0.8521249999999999,25.0,0.26250000000000007,0.0625,0.0,0.001756944444444422,实验策略信号入场,"Will the price of Bitcoin be above $74,000 on May 25?"
1779522904,YES_NO_SL25,2293512,price_range_daily,SELL_YES,YES,0.6385,18.258552369077307,0.47402794484377303,0.0,-7.066447630922692,0.0,触发实验止损,"Will the price of Bitcoin be above $74,000 on May 25?"
1779525304,YES_NO_SL25,2293512,price_range_daily,BUY_NO,NO,0.36140125,25.0,1.119125,0.0625,0.0,0.0018044444444445043,实验策略信号入场,"Will the price of Bitcoin be above $74,000 on May 25?"
1779542704,YES_NO_SL25,2293512,price_range_daily,SELL_NO,NO,0.26449999999999996,17.354824969476443,0.9420126867297776,0.0,-8.826800030523557,0.0,触发实验止损,"Will the price of Bitcoin be above $74,000 on May 25?"
1779550805,YES_NO_SL25,2293512,price_range_daily,BUY_YES,YES,0.81152375,25.0,0.33337500000000003,0.0625,0.0,0.003317777777777687,实验策略信号入场,"Will the price of Bitcoin be above $74,000 on May 25?"
1779735004,YES_NO_SL25,2293512,price_range_daily,MARK_TO_MARKET_EXIT,YES,0.9995,30.789764855926894,0.0010776794887394285,0.0,5.3938898559268935,0.0,回测结束平仓,"Will the price of Bitcoin be above $74,000 on May 25?"
1779263405,YES_NO_REV_SL25_CD60M,2293512,price_range_daily,BUY_YES,YES,0.8521249999999999,25.0,0.26250000000000007,0.0625,0.0,0.001756944444444422,实验策略信号入场,"Will the price of Bitcoin be above $74,000 on May 25?"
1779522904,YES_NO_REV_SL25_CD60M,2293512,price_range_daily,SELL_YES,YES,0.6385,18.258552369077307,0.47402794484377303,0.0,-7.066447630922692,0.0,触发实验止损,"Will the price of Bitcoin be above $74,000 on May 25?"
1779525304,YES_NO_REV_SL25_CD60M,2293512,price_range_daily,BUY_NO,NO,0.36140125,25.0,1.119125,0.0625,0.0,0.0018044444444445043,实验策略信号入场,"Will the price of Bitcoin be above $74,000 on May 25?"
1779542704,YES_NO_REV_SL25_CD60M,2293512,price_range_daily,SELL_NO,NO,0.26449999999999996,17.354824969476443,0.9420126867297776,0.0,-8.826800030523557,0.0,触发实验止损,"Will the price of Bitcoin be above $74,000 on May 25?"
1779550805,YES_NO_REV_SL25_CD60M,2293512,price_range_daily,BUY_YES,YES,0.81152375,25.0,0.33337500000000003,0.0625,0.0,0.003317777777777687,实验策略信号入场,"Will the price of Bitcoin be above $74,000 on May 25?"
1779735004,YES_NO_REV_SL25_CD60M,2293512,price_range_daily,MARK_TO_MARKET_EXIT,YES,0.9995,30.789764855926894,0.0010776794887394285,0.0,5.3938898559268935,0.0,回测结束平仓,"Will the price of Bitcoin be above $74,000 on May 25?"
1779263405,YES_NO_REV_SL15_CD60M,2293512,price_range_daily,BUY_YES,YES,0.8521249999999999,25.0,0.26250000000000007,0.0625,0.0,0.001756944444444422,实验策略信号入场,"Will the price of Bitcoin be above $74,000 on May 25?"
1779522904,YES_NO_REV_SL15_CD60M,2293512,price_range_daily,SELL_YES,YES,0.6385,18.258552369077307,0.47402794484377303,0.0,-7.066447630922692,0.0,触发实验止损,"Will the price of Bitcoin be above $74,000 on May 25?"
1779525304,YES_NO_REV_SL15_CD60M,2293512,price_range_daily,BUY_NO,NO,0.36140125,25.0,1.119125,0.0625,0.0,0.0018044444444445043,实验策略信号入场,"Will the price of Bitcoin be above $74,000 on May 25?"
1779535206,YES_NO_REV_SL15_CD60M,2293512,price_range_daily,SELL_NO,NO,0.3025,19.903807575375016,1.0216872866377746,0.0,-6.277817424624985,0.0,触发实验止损,"Will the price of Bitcoin be above $74,000 on May 25?"
1779538820,YES_NO_REV_SL15_CD60M,2293512,price_range_daily,BUY_NO,NO,0.32330625,25.0,1.1856250000000002,0.0625,0.0,0.023686111111111074,实验策略信号入场,"Will the price of Bitcoin be above $74,000 on May 25?"
1779541809,YES_NO_REV_SL15_CD60M,2293512,price_range_daily,SELL_NO,NO,0.272,19.960863732142514,1.0718258617023335,0.0,-6.287261267857488,0.0,触发实验止损,"Will the price of Bitcoin be above $74,000 on May 25?"
1779550805,YES_NO_REV_SL15_CD60M,2293512,price_range_daily,BUY_YES,YES,0.81152375,25.0,0.33337500000000003,0.0625,0.0,0.003317777777777687,实验策略信号入场,"Will the price of Bitcoin be above $74,000 on May 25?"
1779735004,YES_NO_REV_SL15_CD60M,2293512,price_range_daily,MARK_TO_MARKET_EXIT,YES,0.9995,30.789764855926894,0.0010776794887394285,0.0,5.3938898559268935,0.0,回测结束平仓,"Will the price of Bitcoin be above $74,000 on May 25?"
1779263405,YES_NO_REV_SL12_CD60M,2293512,price_range_daily,BUY_YES,YES,0.8521249999999999,25.0,0.26250000000000007,0.0625,0.0,0.001756944444444422,实验策略信号入场,"Will the price of Bitcoin be above $74,000 on May 25?"
1779522605,YES_NO_REV_SL12_CD60M,2293512,price_range_daily,SELL_YES,YES,0.733,21.1031312894235,0.4019295877952179,0.0,-4.221868710576498,0.0,触发实验止损,"Will the price of Bitcoin be above $74,000 on May 25?"
1779525304,YES_NO_REV_SL12_CD60M,2293512,price_range_daily,BUY_NO,NO,0.36140125,25.0,1.119125,0.0625,0.0,0.0018044444444445043,实验策略信号入场,"Will the price of Bitcoin be above $74,000 on May 25?"
1779531905,YES_NO_REV_SL12_CD60M,2293512,price_range_daily,SELL_NO,NO,0.3175,20.913834519111376,1.0492881872987434,0.0,-5.267790480888625,0.0,触发实验止损,"Will the price of Bitcoin be above $74,000 on May 25?"
1779535505,YES_NO_REV_SL12_CD60M,2293512,price_range_daily,BUY_NO,NO,0.29724124999999996,25.0,1.231125,0.0625,0.0,0.04630361111111107,实验策略信号入场,"Will the price of Bitcoin be above $74,000 on May 25?"
1779544205,YES_NO_REV_SL12_CD60M,2293512,price_range_daily,SELL_NO,NO,0.24350000000000005,19.39547905110748,1.0845182574760404,0.0,-6.89814594889252,0.0,触发实验止损,"Will the price of Bitcoin be above $74,000 on May 25?"
1779550805,YES_NO_REV_SL12_CD60M,2293512,price_range_daily,BUY_YES,YES,0.81152375,25.0,0.33337500000000003,0.0625,0.0,0.003317777777777687,实验策略信号入场,"Will the price of Bitcoin be above $74,000 on May 25?"
1779735004,YES_NO_REV_SL12_CD60M,2293512,price_range_daily,MARK_TO_MARKET_EXIT,YES,0.9995,30.789764855926894,0.0010776794887394285,0.0,5.3938898559268935,0.0,回测结束平仓,"Will the price of Bitcoin be above $74,000 on May 25?"
1779264009,YES_ONLY_SL25,2261232,price_range_daily,BUY_YES,YES,0.3358375,25.0,1.1637500000000003,0.0625,0.0,0.001505555555555517,实验策略信号入场,"Will the price of Bitcoin be above $78,000 on May 21?"
1779294611,YES_ONLY_SL25,2261232,price_range_daily,SELL_YES,YES,0.245,17.274109502363494,0.9638776193843751,0.0,-8.952140497636506,0.0,触发实验止损,"Will the price of Bitcoin be above $78,000 on May 21?"
1779330004,YES_ONLY_SL25,2261232,price_range_daily,BUY_YES,YES,0.49623749999999994,25.0,0.8837500000000001,0.0625,0.0,0.006525000000000052,实验策略信号入场,"Will the price of Bitcoin be above $78,000 on May 21?"
1779345906,YES_ONLY_SL25,2261232,price_range_daily,SELL_YES,YES,0.355,17.077092621980402,0.807488853623517,0.0,-8.869157378019597,0.0,触发实验止损,"Will the price of Bitcoin be above $78,000 on May 21?"
1779346206,YES_ONLY_SL25,2261232,price_range_daily,BUY_YES,YES,0.3057625,25.0,1.21625,0.0625,0.0,0.0018361111111111217,实验策略信号入场,"Will the price of Bitcoin be above $78,000 on May 21?"
1779350409,YES_ONLY_SL25,2261232,price_range_daily,SELL_YES,YES,0.445,34.9709128817301,1.4135358325497733,0.0,8.692162881730102,0.0,触发实验止盈,"Will the price of Bitcoin be above $78,000 on May 21?"
1778856358,YES_NO_SL25,2261232,price_range_daily,BUY_NO,NO,0.3859625,25.0,1.0762500000000002,0.0625,0.0,0.0030263888888888216,实验策略信号入场,"Will the price of Bitcoin be above $78,000 on May 21?"
1779061508,YES_NO_SL25,2261232,price_range_daily,SELL_NO,NO,0.585,36.791511481037666,1.1007708002720473,0.0,10.652761481037665,0.0,触发实验止盈,"Will the price of Bitcoin be above $78,000 on May 21?"
1779064507,YES_NO_SL25,2261232,price_range_daily,BUY_NO,NO,0.611525,25.0,0.6825000000000001,0.0625,0.0,0.002179166666666725,实验策略信号入场,"Will the price of Bitcoin be above $78,000 on May 21?"
1779326108,YES_NO_SL25,2261232,price_range_daily,SELL_NO,NO,0.44499999999999995,17.485456440865047,0.7067679162748867,0.0,-8.259543559134954,0.0,触发实验止损,"Will the price of Bitcoin be above $78,000 on May 21?"
1779330004,YES_NO_SL25,2261232,price_range_daily,BUY_YES,YES,0.49623749999999994,25.0,0.8837500000000001,0.0625,0.0,0.006525000000000052,实验策略信号入场,"Will the price of Bitcoin be above $78,000 on May 21?"
1779345906,YES_NO_SL25,2261232,price_range_daily,SELL_YES,YES,0.355,17.077092621980402,0.807488853623517,0.0,-8.869157378019597,0.0,触发实验止损,"Will the price of Bitcoin be above $78,000 on May 21?"
1779346206,YES_NO_SL25,2261232,price_range_daily,BUY_YES,YES,0.3057625,25.0,1.21625,0.0625,0.0,0.0018361111111111217,实验策略信号入场,"Will the price of Bitcoin be above $78,000 on May 21?"
1779350409,YES_NO_SL25,2261232,price_range_daily,SELL_YES,YES,0.445,34.9709128817301,1.4135358325497733,0.0,8.692162881730102,0.0,触发实验止盈,"Will the price of Bitcoin be above $78,000 on May 21?"
1779360008,YES_NO_SL25,2261232,price_range_daily,BUY_NO,NO,0.8270624999999999,25.0,0.3062500000000001,0.0625,0.0,0.00233333333333334,实验策略信号入场,"Will the price of Bitcoin be above $78,000 on May 21?"
1779391572,YES_NO_SL25,2261232,price_range_daily,MARK_TO_MARKET_EXIT,NO,0.9995,30.21129048590645,0.0010574321771328091,0.0,4.842540485906451,0.0,回测结束平仓,"Will the price of Bitcoin be above $78,000 on May 21?"
1778856358,YES_NO_REV_SL25_CD60M,2261232,price_range_daily,BUY_NO,NO,0.3859625,25.0,1.0762500000000002,0.0625,0.0,0.0030263888888888216,实验策略信号入场,"Will the price of Bitcoin be above $78,000 on May 21?"
1779061508,YES_NO_REV_SL25_CD60M,2261232,price_range_daily,SELL_NO,NO,0.585,36.791511481037666,1.1007708002720473,0.0,10.652761481037665,0.0,触发实验止盈,"Will the price of Bitcoin be above $78,000 on May 21?"
1779064507,YES_NO_REV_SL25_CD60M,2261232,price_range_daily,BUY_NO,NO,0.611525,25.0,0.6825000000000001,0.0625,0.0,0.002179166666666725,实验策略信号入场,"Will the price of Bitcoin be above $78,000 on May 21?"
1779326108,YES_NO_REV_SL25_CD60M,2261232,price_range_daily,SELL_NO,NO,0.44499999999999995,17.485456440865047,0.7067679162748867,0.0,-8.259543559134954,0.0,触发实验止损,"Will the price of Bitcoin be above $78,000 on May 21?"
1779330004,YES_NO_REV_SL25_CD60M,2261232,price_range_daily,BUY_YES,YES,0.49623749999999994,25.0,0.8837500000000001,0.0625,0.0,0.006525000000000052,实验策略信号入场,"Will the price of Bitcoin be above $78,000 on May 21?"
1779345906,YES_NO_REV_SL25_CD60M,2261232,price_range_daily,SELL_YES,YES,0.355,17.077092621980402,0.807488853623517,0.0,-8.869157378019597,0.0,触发实验止损,"Will the price of Bitcoin be above $78,000 on May 21?"
1779360008,YES_NO_REV_SL25_CD60M,2261232,price_range_daily,BUY_NO,NO,0.8270624999999999,25.0,0.3062500000000001,0.0625,0.0,0.00233333333333334,实验策略信号入场,"Will the price of Bitcoin be above $78,000 on May 21?"
1779391572,YES_NO_REV_SL25_CD60M,2261232,price_range_daily,MARK_TO_MARKET_EXIT,NO,0.9995,30.21129048590645,0.0010574321771328091,0.0,4.842540485906451,0.0,回测结束平仓,"Will the price of Bitcoin be above $78,000 on May 21?"
1778856358,YES_NO_REV_SL15_CD60M,2261232,price_range_daily,BUY_NO,NO,0.3859625,25.0,1.0762500000000002,0.0625,0.0,0.0030263888888888216,实验策略信号入场,"Will the price of Bitcoin be above $78,000 on May 21?"
1778858118,YES_NO_REV_SL15_CD60M,2261232,price_range_daily,SELL_NO,NO,0.31000000000000005,19.109822845483695,0.9698481070052144,0.0,-7.028927154516307,0.0,触发实验止损,"Will the price of Bitcoin be above $78,000 on May 21?"
1778862014,YES_NO_REV_SL15_CD60M,2261232,price_range_daily,BUY_NO,NO,0.34586249999999996,25.0,1.1462500000000002,0.0625,0.0,0.04724027777777773,实验策略信号入场,"Will the price of Bitcoin be above $78,000 on May 21?"
1778915705,YES_NO_REV_SL15_CD60M,2261232,price_range_daily,SELL_NO,NO,0.45499999999999996,31.63408507716217,1.254707434312769,0.0,5.425335077162167,0.0,触发实验止盈,"Will the price of Bitcoin be above $78,000 on May 21?"
1778922013,YES_NO_REV_SL15_CD60M,2261232,price_range_daily,BUY_NO,NO,0.4360875,25.0,0.98875,0.0625,0.0,0.0016305555555556142,实验策略信号入场,"Will the price of Bitcoin be above $78,000 on May 21?"
1779061508,YES_NO_REV_SL15_CD60M,2261232,price_range_daily,SELL_NO,NO,0.585,32.56260211540115,0.9742454209304325,0.0,6.511352115401149,0.0,触发实验止盈,"Will the price of Bitcoin be above $78,000 on May 21?"
1779064507,YES_NO_REV_SL15_CD60M,2261232,price_range_daily,BUY_NO,NO,0.611525,25.0,0.6825000000000001,0.0625,0.0,0.002179166666666725,实验策略信号入场,"Will the price of Bitcoin be above $78,000 on May 21?"
1779236406,YES_NO_REV_SL15_CD60M,2261232,price_range_daily,SELL_NO,NO,0.795,32.034330158211034,0.4663852663423409,0.0,6.289330158211033,0.0,触发实验止盈,"Will the price of Bitcoin be above $78,000 on May 21?"
1779244805,YES_NO_REV_SL15_CD60M,2261232,price_range_daily,BUY_NO,NO,0.7869625,25.0,0.37625,0.0625,0.0,0.0017902777777777795,实验策略信号入场,"Will the price of Bitcoin be above $78,000 on May 21?"
1779259807,YES_NO_REV_SL15_CD60M,2261232,price_range_daily,SELL_NO,NO,0.665,20.630136442333658,0.49539368140159157,0.0,-4.808613557666341,0.0,触发实验止损,"Will the price of Bitcoin be above $78,000 on May 21?"
1779264009,YES_NO_REV_SL15_CD60M,2261232,price_range_daily,BUY_YES,YES,0.3358375,25.0,1.1637500000000003,0.0625,0.0,0.001505555555555517,实验策略信号入场,"Will the price of Bitcoin be above $78,000 on May 21?"
1779284419,YES_NO_REV_SL15_CD60M,2261232,price_range_daily,SELL_YES,YES,0.265,18.711858413667322,1.014943983325269,0.0,-7.514391586332678,0.0,触发实验止损,"Will the price of Bitcoin be above $78,000 on May 21?"
1779330004,YES_NO_REV_SL15_CD60M,2261232,price_range_daily,BUY_YES,YES,0.49623749999999994,25.0,0.8837500000000001,0.0625,0.0,0.006525000000000052,实验策略信号入场,"Will the price of Bitcoin be above $78,000 on May 21?"
1779342606,YES_NO_REV_SL15_CD60M,2261232,price_range_daily,SELL_YES,YES,0.395,19.056991359983883,0.8427542255472432,0.0,-6.889258640016116,0.0,触发实验止损,"Will the price of Bitcoin be above $78,000 on May 21?"
1779346206,YES_NO_REV_SL15_CD60M,2261232,price_range_daily,BUY_YES,YES,0.3057625,25.0,1.21625,0.0625,0.0,0.0018361111111111217,实验策略信号入场,"Will the price of Bitcoin be above $78,000 on May 21?"
1779350409,YES_NO_REV_SL15_CD60M,2261232,price_range_daily,SELL_YES,YES,0.445,34.9709128817301,1.4135358325497733,0.0,8.692162881730102,0.0,触发实验止盈,"Will the price of Bitcoin be above $78,000 on May 21?"
1779360008,YES_NO_REV_SL15_CD60M,2261232,price_range_daily,BUY_NO,NO,0.8270624999999999,25.0,0.3062500000000001,0.0625,0.0,0.00233333333333334,实验策略信号入场,"Will the price of Bitcoin be above $78,000 on May 21?"
1779391572,YES_NO_REV_SL15_CD60M,2261232,price_range_daily,MARK_TO_MARKET_EXIT,NO,0.9995,30.21129048590645,0.0010574321771328091,0.0,4.842540485906451,0.0,回测结束平仓,"Will the price of Bitcoin be above $78,000 on May 21?"
1778856358,YES_NO_REV_SL12_CD60M,2261232,price_range_daily,BUY_NO,NO,0.3859625,25.0,1.0762500000000002,0.0625,0.0,0.0030263888888888216,实验策略信号入场,"Will the price of Bitcoin be above $78,000 on May 21?"
1778858118,YES_NO_REV_SL12_CD60M,2261232,price_range_daily,SELL_NO,NO,0.31000000000000005,19.109822845483695,0.9698481070052144,0.0,-7.028927154516307,0.0,触发实验止损,"Will the price of Bitcoin be above $78,000 on May 21?"
1778862014,YES_NO_REV_SL12_CD60M,2261232,price_range_daily,BUY_NO,NO,0.34586249999999996,25.0,1.1462500000000002,0.0625,0.0,0.04724027777777773,实验策略信号入场,"Will the price of Bitcoin be above $78,000 on May 21?"
1778868305,YES_NO_REV_SL12_CD60M,2261232,price_range_daily,SELL_NO,NO,0.30000000000000004,20.622357150601765,1.0625609888322676,0.0,-5.586392849398237,0.0,触发实验止损,"Will the price of Bitcoin be above $78,000 on May 21?"
1778922013,YES_NO_REV_SL12_CD60M,2261232,price_range_daily,BUY_NO,NO,0.4360875,25.0,0.98875,0.0625,0.0,0.0016305555555556142,实验策略信号入场,"Will the price of Bitcoin be above $78,000 on May 21?"
1779061508,YES_NO_REV_SL12_CD60M,2261232,price_range_daily,SELL_NO,NO,0.585,32.56260211540115,0.9742454209304325,0.0,6.511352115401149,0.0,触发实验止盈,"Will the price of Bitcoin be above $78,000 on May 21?"
1779064507,YES_NO_REV_SL12_CD60M,2261232,price_range_daily,BUY_NO,NO,0.611525,25.0,0.6825000000000001,0.0625,0.0,0.002179166666666725,实验策略信号入场,"Will the price of Bitcoin be above $78,000 on May 21?"
1779108306,YES_NO_REV_SL12_CD60M,2261232,price_range_daily,SELL_NO,NO,0.525,20.749100609132906,0.7136359919872451,0.0,-4.995899390867095,0.0,触发实验止损,"Will the price of Bitcoin be above $78,000 on May 21?"
1779119406,YES_NO_REV_SL12_CD60M,2261232,price_range_daily,BUY_NO,NO,0.7418499999999999,25.0,0.455,0.0625,0.0,0.0020083333333332787,实验策略信号入场,"Will the price of Bitcoin be above $78,000 on May 21?"
1779135306,YES_NO_REV_SL12_CD60M,2261232,price_range_daily,SELL_NO,NO,0.65,21.36803262114983,0.5366650940217026,0.0,-4.149467378850169,0.0,触发实验止损,"Will the price of Bitcoin be above $78,000 on May 21?"
1779202205,YES_NO_REV_SL12_CD60M,2261232,price_range_daily,BUY_NO,NO,0.791975,25.0,0.3675,0.0625,0.0,0.003668055555555546,实验策略信号入场,"Will the price of Bitcoin be above $78,000 on May 21?"
1779210304,YES_NO_REV_SL12_CD60M,2261232,price_range_daily,SELL_NO,NO,0.6950000000000001,21.470429937813694,0.46839388869598153,0.0,-3.9595700621863053,0.0,触发实验止损,"Will the price of Bitcoin be above $78,000 on May 21?"
1779213908,YES_NO_REV_SL12_CD60M,2261232,price_range_daily,BUY_NO,NO,0.7268125,25.0,0.48125000000000007,0.0625,0.0,0.00533333333333335,实验策略信号入场,"Will the price of Bitcoin be above $78,000 on May 21?"
1779266407,YES_NO_REV_SL12_CD60M,2261232,price_range_daily,SELL_NO,NO,0.605,20.234646143262534,0.5753977126150143,0.0,-5.309103856737465,0.0,触发实验止损,"Will the price of Bitcoin be above $78,000 on May 21?"
1779266407,YES_NO_REV_SL12_CD60M,2261232,price_range_daily,BUY_YES,YES,0.3959875,25.0,1.05875,0.0625,0.0,0.012233333333333318,NO 止损后反转尝试买 YES,"Will the price of Bitcoin be above $78,000 on May 21?"
1779268817,YES_NO_REV_SL12_CD60M,2261232,price_range_daily,SELL_YES,YES,0.345,20.782332144322734,0.9986584172480193,0.0,-5.338917855677266,0.0,触发实验止损,"Will the price of Bitcoin be above $78,000 on May 21?"
1779272705,YES_NO_REV_SL12_CD60M,2261232,price_range_daily,BUY_YES,YES,0.4060125,25.0,1.04125,0.0625,0.0,0.028940277777777773,实验策略信号入场,"Will the price of Bitcoin be above $78,000 on May 21?"
1779275722,YES_NO_REV_SL12_CD60M,2261232,price_range_daily,SELL_YES,YES,0.355,20.872002093531602,0.9869308210954096,0.0,-5.231747906468399,0.0,触发实验止损,"Will the price of Bitcoin be above $78,000 on May 21?"
1779279607,YES_NO_REV_SL12_CD60M,2261232,price_range_daily,BUY_YES,YES,0.34586249999999996,25.0,1.1462500000000002,0.0625,0.0,0.013455555555555554,实验策略信号入场,"Will the price of Bitcoin be above $78,000 on May 21?"
1779284419,YES_NO_REV_SL12_CD60M,2261232,price_range_daily,SELL_YES,YES,0.265,18.169485706024798,0.985525317141928,0.0,-8.039264293975204,0.0,触发实验止损,"Will the price of Bitcoin be above $78,000 on May 21?"
1779330004,YES_NO_REV_SL12_CD60M,2261232,price_range_daily,BUY_YES,YES,0.49623749999999994,25.0,0.8837500000000001,0.0625,0.0,0.006525000000000052,实验策略信号入场,"Will the price of Bitcoin be above $78,000 on May 21?"
1779342606,YES_NO_REV_SL12_CD60M,2261232,price_range_daily,SELL_YES,YES,0.395,19.056991359983883,0.8427542255472432,0.0,-6.889258640016116,0.0,触发实验止损,"Will the price of Bitcoin be above $78,000 on May 21?"
1779346206,YES_NO_REV_SL12_CD60M,2261232,price_range_daily,BUY_YES,YES,0.3057625,25.0,1.21625,0.0625,0.0,0.0018361111111111217,实验策略信号入场,"Will the price of Bitcoin be above $78,000 on May 21?"
1779350105,YES_NO_REV_SL12_CD60M,2261232,price_range_daily,SELL_YES,YES,0.395,30.928559748170557,1.3677486611340504,0.0,4.649809748170558,0.0,触发实验止盈,"Will the price of Bitcoin be above $78,000 on May 21?"
1779360008,YES_NO_REV_SL12_CD60M,2261232,price_range_daily,BUY_NO,NO,0.8270624999999999,25.0,0.3062500000000001,0.0625,0.0,0.00233333333333334,实验策略信号入场,"Will the price of Bitcoin be above $78,000 on May 21?"
1779391572,YES_NO_REV_SL12_CD60M,2261232,price_range_daily,MARK_TO_MARKET_EXIT,NO,0.9995,30.21129048590645,0.0010574321771328091,0.0,4.842540485906451,0.0,回测结束平仓,"Will the price of Bitcoin be above $78,000 on May 21?"
1779021605,YES_ONLY_SL25,2251419,price_range_daily,BUY_YES,YES,0.5964875,25.0,0.7087500000000001,0.0625,0.0,0.0023791666666666475,实验策略信号入场,"Will the price of Bitcoin be above $78,000 on May 20?"
1779061507,YES_ONLY_SL25,2251419,price_range_daily,SELL_YES,YES,0.385,15.44146985477483,0.6946604078040195,0.0,-10.329780145225168,0.0,触发实验止损,"Will the price of Bitcoin be above $78,000 on May 20?"
1779269703,YES_ONLY_SL25,2251419,price_range_daily,BUY_YES,YES,0.23558749999999998,25.0,1.33875,0.0625,0.0,0.0022833333333333178,实验策略信号入场,"Will the price of Bitcoin be above $78,000 on May 20?"
1779276905,YES_ONLY_SL25,2251419,price_range_daily,SELL_YES,YES,0.175,17.49814294052104,1.0724518491006527,0.0,-8.903107059478963,0.0,触发实验止损,"Will the price of Bitcoin be above $78,000 on May 20?"
1779277205,YES_ONLY_SL25,2251419,price_range_daily,BUY_YES,YES,0.1654125,25.0,1.4612500000000002,0.0625,0.0,0.004709722222222212,实验策略信号入场,"Will the price of Bitcoin be above $78,000 on May 20?"
1779280505,YES_ONLY_SL25,2251419,price_range_daily,SELL_YES,YES,0.235,33.615317766190586,1.901949671276355,0.0,7.091567766190586,0.0,触发实验止盈,"Will the price of Bitcoin be above $78,000 on May 20?"
1778856352,YES_NO_SL25,2251419,price_range_daily,BUY_NO,NO,0.3659125,25.0,1.11125,0.0625,0.0,0.0016958333333333894,实验策略信号入场,"Will the price of Bitcoin be above $78,000 on May 20?"
1778925905,YES_NO_SL25,2251419,price_range_daily,SELL_NO,NO,0.495,32.62403921702593,1.1955214702968608,0.0,6.450289217025933,0.0,触发实验止盈,"Will the price of Bitcoin be above $78,000 on May 20?"
1778926209,YES_NO_SL25,2251419,price_range_daily,BUY_NO,NO,0.49623749999999994,25.0,0.8837500000000001,0.0625,0.0,0.03690694444444447,实验策略信号入场,"Will the price of Bitcoin be above $78,000 on May 20?"
1779072318,YES_NO_SL25,2251419,price_range_daily,SELL_NO,NO,0.675,33.2322602584448,0.7736340965767402,0.0,7.286010258444804,0.0,触发实验止盈,"Will the price of Bitcoin be above $78,000 on May 20?"
1779072603,YES_NO_SL25,2251419,price_range_daily,BUY_NO,NO,0.6766875,25.0,0.56875,0.0625,0.0,0.0939861111111111,实验策略信号入场,"Will the price of Bitcoin be above $78,000 on May 20?"
1779236405,YES_NO_SL25,2251419,price_range_daily,SELL_NO,NO,0.915,33.603241895261846,0.2011360487669714,0.0,7.971991895261844,0.0,触发实验止盈,"Will the price of Bitcoin be above $78,000 on May 20?"
1779236705,YES_NO_SL25,2251419,price_range_daily,BUY_NO,NO,0.9273125,25.0,0.13124999999999995,0.0625,0.0,0.018604166666666658,实验策略信号入场,"Will the price of Bitcoin be above $78,000 on May 20?"
1779300306,YES_NO_SL25,2251419,price_range_daily,MARK_TO_MARKET_EXIT,NO,0.9995,26.945205027970616,0.0009431151850103431,0.0,1.7514550279706143,0.0,回测结束平仓,"Will the price of Bitcoin be above $78,000 on May 20?"
1778856352,YES_NO_REV_SL25_CD60M,2251419,price_range_daily,BUY_NO,NO,0.3659125,25.0,1.11125,0.0625,0.0,0.0016958333333333894,实验策略信号入场,"Will the price of Bitcoin be above $78,000 on May 20?"
1778925905,YES_NO_REV_SL25_CD60M,2251419,price_range_daily,SELL_NO,NO,0.495,32.62403921702593,1.1955214702968608,0.0,6.450289217025933,0.0,触发实验止盈,"Will the price of Bitcoin be above $78,000 on May 20?"
1778926209,YES_NO_REV_SL25_CD60M,2251419,price_range_daily,BUY_NO,NO,0.49623749999999994,25.0,0.8837500000000001,0.0625,0.0,0.03690694444444447,实验策略信号入场,"Will the price of Bitcoin be above $78,000 on May 20?"
1779072318,YES_NO_REV_SL25_CD60M,2251419,price_range_daily,SELL_NO,NO,0.675,33.2322602584448,0.7736340965767402,0.0,7.286010258444804,0.0,触发实验止盈,"Will the price of Bitcoin be above $78,000 on May 20?"
1779072603,YES_NO_REV_SL25_CD60M,2251419,price_range_daily,BUY_NO,NO,0.6766875,25.0,0.56875,0.0625,0.0,0.0939861111111111,实验策略信号入场,"Will the price of Bitcoin be above $78,000 on May 20?"
1779236405,YES_NO_REV_SL25_CD60M,2251419,price_range_daily,SELL_NO,NO,0.915,33.603241895261846,0.2011360487669714,0.0,7.971991895261844,0.0,触发实验止盈,"Will the price of Bitcoin be above $78,000 on May 20?"
1779236705,YES_NO_REV_SL25_CD60M,2251419,price_range_daily,BUY_NO,NO,0.9273125,25.0,0.13124999999999995,0.0625,0.0,0.018604166666666658,实验策略信号入场,"Will the price of Bitcoin be above $78,000 on May 20?"
1779300306,YES_NO_REV_SL25_CD60M,2251419,price_range_daily,MARK_TO_MARKET_EXIT,NO,0.9995,26.945205027970616,0.0009431151850103431,0.0,1.7514550279706143,0.0,回测结束平仓,"Will the price of Bitcoin be above $78,000 on May 20?"
1778856352,YES_NO_REV_SL15_CD60M,2251419,price_range_daily,BUY_NO,NO,0.3659125,25.0,1.11125,0.0625,0.0,0.0016958333333333894,实验策略信号入场,"Will the price of Bitcoin be above $78,000 on May 20?"
1778864406,YES_NO_REV_SL15_CD60M,2251419,price_range_daily,SELL_NO,NO,0.31000000000000005,20.15693642605815,1.0229904690328977,0.0,-6.01681357394185,0.0,触发实验止损,"Will the price of Bitcoin be above $78,000 on May 20?"
1778868012,YES_NO_REV_SL15_CD60M,2251419,price_range_daily,BUY_NO,NO,0.290725,25.0,1.2425,0.0625,0.0,0.01974444444444448,实验策略信号入场,"Will the price of Bitcoin be above $78,000 on May 20?"
1778914507,YES_NO_REV_SL15_CD60M,2251419,price_range_daily,SELL_NO,NO,0.4,32.95210250236478,1.4446642015650533,0.0,6.647102502364781,0.0,触发实验止盈,"Will the price of Bitcoin be above $78,000 on May 20?"
1778921406,YES_NO_REV_SL15_CD60M,2251419,price_range_daily,BUY_NO,NO,0.4360875,25.0,0.98875,0.0625,0.0,0.003818055555555512,实验策略信号入场,"Will the price of Bitcoin be above $78,000 on May 20?"
1779061507,YES_NO_REV_SL15_CD60M,2251419,price_range_daily,SELL_NO,NO,0.615,34.306518187290386,0.9501676842376815,0.0,8.255268187290387,0.0,触发实验止盈,"Will the price of Bitcoin be above $78,000 on May 20?"
1779063908,YES_NO_REV_SL15_CD60M,2251419,price_range_daily,BUY_NO,NO,0.6215499999999999,25.0,0.665,0.0625,0.0,0.002323611111111089,实验策略信号入场,"Will the price of Bitcoin be above $78,000 on May 20?"
1779117604,YES_NO_REV_SL15_CD60M,2251419,price_range_daily,SELL_NO,NO,0.81,32.14652883919235,0.4333118815863567,0.0,6.41902883919235,0.0,触发实验止盈,"Will the price of Bitcoin be above $78,000 on May 20?"
1779119105,YES_NO_REV_SL15_CD60M,2251419,price_range_daily,BUY_NO,NO,0.791975,25.0,0.3675,0.0625,0.0,0.004466666666666671,实验策略信号入场,"Will the price of Bitcoin be above $78,000 on May 20?"
1779150303,YES_NO_REV_SL15_CD60M,2251419,price_range_daily,SELL_NO,NO,0.665,20.49956595852142,0.49225827835474606,0.0,-4.9304340414785806,0.0,触发实验止损,"Will the price of Bitcoin be above $78,000 on May 20?"
1779164106,YES_NO_REV_SL15_CD60M,2251419,price_range_daily,BUY_NO,NO,0.7568874999999999,25.0,0.4287500000000001,0.0625,0.0,0.0016347222222222214,实验策略信号入场,"Will the price of Bitcoin be above $78,000 on May 20?"
1779290106,YES_NO_REV_SL15_CD60M,2251419,price_range_daily,SELL_NO,NO,0.9885,32.62387929183663,0.026283380951594423,0.0,7.132629291836629,0.0,触发实验止盈,"Will the price of Bitcoin be above $78,000 on May 20?"
1779290406,YES_NO_REV_SL15_CD60M,2251419,price_range_daily,BUY_NO,NO,0.8190424999999999,25.0,0.32025000000000015,0.0625,0.0,0.023353194444444437,实验策略信号入场,"Will the price of Bitcoin be above $78,000 on May 20?"
1779300306,YES_NO_REV_SL15_CD60M,2251419,price_range_daily,MARK_TO_MARKET_EXIT,NO,0.9995,30.507117075731728,0.001067786470176949,0.0,5.124367075731726,0.0,回测结束平仓,"Will the price of Bitcoin be above $78,000 on May 20?"
1778856352,YES_NO_REV_SL12_CD60M,2251419,price_range_daily,BUY_NO,NO,0.3659125,25.0,1.11125,0.0625,0.0,0.0016958333333333894,实验策略信号入场,"Will the price of Bitcoin be above $78,000 on May 20?"
1778862308,YES_NO_REV_SL12_CD60M,2251419,price_range_daily,SELL_NO,NO,0.31499999999999995,20.489580842414508,1.0319577767908994,0.0,-5.68416915758549,0.0,触发实验止损,"Will the price of Bitcoin be above $78,000 on May 20?"
1778865908,YES_NO_REV_SL12_CD60M,2251419,price_range_daily,BUY_NO,NO,0.310775,25.0,1.2075,0.0625,0.0,0.03979027777777784,实验策略信号入场,"Will the price of Bitcoin be above $78,000 on May 20?"
1778914507,YES_NO_REV_SL12_CD60M,2251419,price_range_daily,SELL_NO,NO,0.4,30.826160405438017,1.351460059528598,0.0,4.556160405438018,0.0,触发实验止盈,"Will the price of Bitcoin be above $78,000 on May 20?"
1778921406,YES_NO_REV_SL12_CD60M,2251419,price_range_daily,BUY_NO,NO,0.4360875,25.0,0.98875,0.0625,0.0,0.003818055555555512,实验策略信号入场,"Will the price of Bitcoin be above $78,000 on May 20?"
1779061507,YES_NO_REV_SL12_CD60M,2251419,price_range_daily,SELL_NO,NO,0.615,34.306518187290386,0.9501676842376815,0.0,8.255268187290387,0.0,触发实验止盈,"Will the price of Bitcoin be above $78,000 on May 20?"
1779063908,YES_NO_REV_SL12_CD60M,2251419,price_range_daily,BUY_NO,NO,0.6215499999999999,25.0,0.665,0.0625,0.0,0.002323611111111089,实验策略信号入场,"Will the price of Bitcoin be above $78,000 on May 20?"
1779108305,YES_NO_REV_SL12_CD60M,2251419,price_range_daily,SELL_NO,NO,0.5449999999999999,21.222819966213496,0.6981839755450087,0.0,-4.504680033786503,0.0,触发实验止损,"Will the price of Bitcoin be above $78,000 on May 20?"
1779119105,YES_NO_REV_SL12_CD60M,2251419,price_range_daily,BUY_NO,NO,0.791975,25.0,0.3675,0.0625,0.0,0.004466666666666671,实验策略信号入场,"Will the price of Bitcoin be above $78,000 on May 20?"
1779135605,YES_NO_REV_SL12_CD60M,2251419,price_range_daily,SELL_NO,NO,0.6950000000000001,21.470429937813694,0.46839388869598153,0.0,-3.9595700621863053,0.0,触发实验止损,"Will the price of Bitcoin be above $78,000 on May 20?"
1779164106,YES_NO_REV_SL12_CD60M,2251419,price_range_daily,BUY_NO,NO,0.7568874999999999,25.0,0.4287500000000001,0.0625,0.0,0.0016347222222222214,实验策略信号入场,"Will the price of Bitcoin be above $78,000 on May 20?"
1779284418,YES_NO_REV_SL12_CD60M,2251419,price_range_daily,SELL_NO,NO,0.955,31.444294891909298,0.0993625208501925,0.0,5.953044891909297,0.0,触发实验止盈,"Will the price of Bitcoin be above $78,000 on May 20?"
1779286506,YES_NO_REV_SL12_CD60M,2251419,price_range_daily,BUY_NO,NO,0.9488662499999999,25.0,0.09362499999999999,0.0625,0.0,0.0045501388888888935,实验策略信号入场,"Will the price of Bitcoin be above $78,000 on May 20?"
1779290406,YES_NO_REV_SL12_CD60M,2251419,price_range_daily,SELL_NO,NO,0.817,21.24994513188766,0.2757440787887651,0.0,-3.906179868112339,0.0,触发实验止损,"Will the price of Bitcoin be above $78,000 on May 20?"
1779082806,YES_NO_SL25,2285048,price_range_daily,BUY_NO,NO,0.7769375,25.0,0.39375,0.0625,0.0,0.05477083333333332,实验策略信号入场,"Will the price of Bitcoin be above $80,000 on May 24?"
1779645906,YES_NO_SL25,2285048,price_range_daily,MARK_TO_MARKET_EXIT,NO,0.9995,32.16040600112622,0.0011256536079155709,0.0,6.7041560011262185,0.0,回测结束平仓,"Will the price of Bitcoin be above $80,000 on May 24?"
1779082806,YES_NO_REV_SL25_CD60M,2285048,price_range_daily,BUY_NO,NO,0.7769375,25.0,0.39375,0.0625,0.0,0.05477083333333332,实验策略信号入场,"Will the price of Bitcoin be above $80,000 on May 24?"
1779645906,YES_NO_REV_SL25_CD60M,2285048,price_range_daily,MARK_TO_MARKET_EXIT,NO,0.9995,32.16040600112622,0.0011256536079155709,0.0,6.7041560011262185,0.0,回测结束平仓,"Will the price of Bitcoin be above $80,000 on May 24?"
1779082806,YES_NO_REV_SL15_CD60M,2285048,price_range_daily,BUY_NO,NO,0.7769375,25.0,0.39375,0.0625,0.0,0.05477083333333332,实验策略信号入场,"Will the price of Bitcoin be above $80,000 on May 24?"
1779645906,YES_NO_REV_SL15_CD60M,2285048,price_range_daily,MARK_TO_MARKET_EXIT,NO,0.9995,32.16040600112622,0.0011256536079155709,0.0,6.7041560011262185,0.0,回测结束平仓,"Will the price of Bitcoin be above $80,000 on May 24?"
1779082806,YES_NO_REV_SL12_CD60M,2285048,price_range_daily,BUY_NO,NO,0.7769375,25.0,0.39375,0.0625,0.0,0.05477083333333332,实验策略信号入场,"Will the price of Bitcoin be above $80,000 on May 24?"
1779439207,YES_NO_REV_SL12_CD60M,2285048,price_range_daily,SELL_NO,NO,0.975,31.3182768884241,0.05490306491834934,0.0,5.862026888424101,0.0,触发实验止盈,"Will the price of Bitcoin be above $80,000 on May 24?"
1778997005,YES_NO_SL25,2277986,price_range_daily,BUY_NO,NO,0.6867125000000001,25.0,0.5512499999999999,0.0625,0.0,0.029790277777777787,实验策略信号入场,"Will the price of Bitcoin be above $80,000 on May 23?"
1779360008,YES_NO_SL25,2277986,price_range_daily,SELL_NO,NO,0.9299999999999999,33.69106431002784,0.16589912081111105,0.0,8.077314310027841,0.0,触发实验止盈,"Will the price of Bitcoin be above $80,000 on May 23?"
1779361209,YES_NO_SL25,2277986,price_range_daily,BUY_NO,NO,0.9323249999999998,25.0,0.12250000000000012,0.0625,0.0,0.0020791666666666493,实验策略信号入场,"Will the price of Bitcoin be above $80,000 on May 23?"
1779559804,YES_NO_SL25,2277986,price_range_daily,MARK_TO_MARKET_EXIT,NO,0.9995,26.800338334271856,0.0009380446732629759,0.0,1.6153383342718577,0.0,回测结束平仓,"Will the price of Bitcoin be above $80,000 on May 23?"
1778997005,YES_NO_REV_SL25_CD60M,2277986,price_range_daily,BUY_NO,NO,0.6867125000000001,25.0,0.5512499999999999,0.0625,0.0,0.029790277777777787,实验策略信号入场,"Will the price of Bitcoin be above $80,000 on May 23?"
1779360008,YES_NO_REV_SL25_CD60M,2277986,price_range_daily,SELL_NO,NO,0.9299999999999999,33.69106431002784,0.16589912081111105,0.0,8.077314310027841,0.0,触发实验止盈,"Will the price of Bitcoin be above $80,000 on May 23?"
1779361209,YES_NO_REV_SL25_CD60M,2277986,price_range_daily,BUY_NO,NO,0.9323249999999998,25.0,0.12250000000000012,0.0625,0.0,0.0020791666666666493,实验策略信号入场,"Will the price of Bitcoin be above $80,000 on May 23?"
1779559804,YES_NO_REV_SL25_CD60M,2277986,price_range_daily,MARK_TO_MARKET_EXIT,NO,0.9995,26.800338334271856,0.0009380446732629759,0.0,1.6153383342718577,0.0,回测结束平仓,"Will the price of Bitcoin be above $80,000 on May 23?"
1778997005,YES_NO_REV_SL15_CD60M,2277986,price_range_daily,BUY_NO,NO,0.6867125000000001,25.0,0.5512499999999999,0.0625,0.0,0.029790277777777787,实验策略信号入场,"Will the price of Bitcoin be above $80,000 on May 23?"
1779200703,YES_NO_REV_SL15_CD60M,2277986,price_range_daily,SELL_NO,NO,0.895,32.34329322678704,0.239483408267652,0.0,6.72954322678704,0.0,触发实验止盈,"Will the price of Bitcoin be above $80,000 on May 23?"
1779204605,YES_NO_REV_SL15_CD60M,2277986,price_range_daily,BUY_NO,NO,0.90225,25.0,0.175,0.0625,0.0,0.0017500000000000154,实验策略信号入场,"Will the price of Bitcoin be above $80,000 on May 23?"
1779559804,YES_NO_REV_SL15_CD60M,2277986,price_range_daily,MARK_TO_MARKET_EXIT,NO,0.9995,27.693682945414245,0.0009693128290384083,0.0,2.4561829454142448,0.0,回测结束平仓,"Will the price of Bitcoin be above $80,000 on May 23?"
1778997005,YES_NO_REV_SL12_CD60M,2277986,price_range_daily,BUY_NO,NO,0.6867125000000001,25.0,0.5512499999999999,0.0625,0.0,0.029790277777777787,实验策略信号入场,"Will the price of Bitcoin be above $80,000 on May 23?"
1779115806,YES_NO_REV_SL12_CD60M,2277986,price_range_daily,SELL_NO,NO,0.86,31.00176565884558,0.30682418042485027,0.0,5.388015658845582,0.0,触发实验止盈,"Will the price of Bitcoin be above $80,000 on May 23?"
1779120604,YES_NO_REV_SL12_CD60M,2277986,price_range_daily,BUY_NO,NO,0.8671625,25.0,0.23625000000000004,0.0625,0.0,0.00332777777777778,实验策略信号入场,"Will the price of Bitcoin be above $80,000 on May 23?"
1779559804,YES_NO_REV_SL12_CD60M,2277986,price_range_daily,MARK_TO_MARKET_EXIT,NO,0.9995,28.81423659060442,0.0010085335793463207,0.0,3.5154865906044215,0.0,回测结束平仓,"Will the price of Bitcoin be above $80,000 on May 23?"
1778820021,YES_NO_SL25,2251424,price_range_daily,BUY_NO,NO,0.6215499999999999,25.0,0.665,0.0625,0.0,0.0025319444444444547,实验策略信号入场,"Will the price of Bitcoin be above $82,000 on May 20?"
1778859917,YES_NO_SL25,2251424,price_range_daily,SELL_NO,NO,0.84,33.40809267154694,0.3784088166680075,0.0,7.68059267154694,0.0,触发实验止盈,"Will the price of Bitcoin be above $82,000 on May 20?"
1778860208,YES_NO_SL25,2251424,price_range_daily,BUY_NO,NO,0.8320749999999999,25.0,0.2975000000000001,0.0625,0.0,0.07542638888888886,实验策略信号入场,"Will the price of Bitcoin be above $82,000 on May 20?"
1779300306,YES_NO_SL25,2251424,price_range_daily,MARK_TO_MARKET_EXIT,NO,0.9995,30.029294760087737,0.0010510621037765873,0.0,4.6692947600877375,0.0,回测结束平仓,"Will the price of Bitcoin be above $82,000 on May 20?"
1778820021,YES_NO_REV_SL25_CD60M,2251424,price_range_daily,BUY_NO,NO,0.6215499999999999,25.0,0.665,0.0625,0.0,0.0025319444444444547,实验策略信号入场,"Will the price of Bitcoin be above $82,000 on May 20?"
1778859917,YES_NO_REV_SL25_CD60M,2251424,price_range_daily,SELL_NO,NO,0.84,33.40809267154694,0.3784088166680075,0.0,7.68059267154694,0.0,触发实验止盈,"Will the price of Bitcoin be above $82,000 on May 20?"
1778860208,YES_NO_REV_SL25_CD60M,2251424,price_range_daily,BUY_NO,NO,0.8320749999999999,25.0,0.2975000000000001,0.0625,0.0,0.07542638888888886,实验策略信号入场,"Will the price of Bitcoin be above $82,000 on May 20?"
1779300306,YES_NO_REV_SL25_CD60M,2251424,price_range_daily,MARK_TO_MARKET_EXIT,NO,0.9995,30.029294760087737,0.0010510621037765873,0.0,4.6692947600877375,0.0,回测结束平仓,"Will the price of Bitcoin be above $82,000 on May 20?"
1778820021,YES_NO_REV_SL15_CD60M,2251424,price_range_daily,BUY_NO,NO,0.6215499999999999,25.0,0.665,0.0625,0.0,0.0025319444444444547,实验策略信号入场,"Will the price of Bitcoin be above $82,000 on May 20?"
1778853028,YES_NO_REV_SL15_CD60M,2251424,price_range_daily,SELL_NO,NO,0.83,32.98700828573727,0.3972729466655942,0.0,7.259508285737269,0.0,触发实验止盈,"Will the price of Bitcoin be above $82,000 on May 20?"
1778853323,YES_NO_REV_SL15_CD60M,2251424,price_range_daily,BUY_NO,NO,0.802,25.0,0.35,0.0625,0.0,0.023986111111111118,实验策略信号入场,"Will the price of Bitcoin be above $82,000 on May 20?"
1779300306,YES_NO_REV_SL15_CD60M,2251424,price_range_daily,MARK_TO_MARKET_EXIT,NO,0.9995,31.155393313591023,0.001090476932668209,0.0,5.742893313591022,0.0,回测结束平仓,"Will the price of Bitcoin be above $82,000 on May 20?"
1778820021,YES_NO_REV_SL12_CD60M,2251424,price_range_daily,BUY_NO,NO,0.6215499999999999,25.0,0.665,0.0625,0.0,0.0025319444444444547,实验策略信号入场,"Will the price of Bitcoin be above $82,000 on May 20?"
1778852408,YES_NO_REV_SL12_CD60M,2251424,price_range_daily,SELL_NO,NO,0.795,31.517647413723758,0.4588629233368192,0.0,5.7901474137237585,0.0,触发实验止盈,"Will the price of Bitcoin be above $82,000 on May 20?"
1778853028,YES_NO_REV_SL12_CD60M,2251424,price_range_daily,BUY_NO,NO,0.8320749999999999,25.0,0.2975000000000001,0.0625,0.0,0.024558333333333317,实验策略信号入场,"Will the price of Bitcoin be above $82,000 on May 20?"
1779300306,YES_NO_REV_SL12_CD60M,2251424,price_range_daily,MARK_TO_MARKET_EXIT,NO,0.9995,30.029294760087737,0.0010510621037765873,0.0,4.6692947600877375,0.0,回测结束平仓,"Will the price of Bitcoin be above $82,000 on May 20?"
1779263403,YES_ONLY_SL25,2269345,price_range_daily,BUY_YES,YES,0.3859625,25.0,1.0762500000000002,0.0625,0.0,0.0021236111111111247,实验策略信号入场,"Will the price of Bitcoin be above $78,000 on May 22?"
1779326107,YES_ONLY_SL25,2269345,price_range_daily,SELL_YES,YES,0.525,32.875198367717076,1.1306959873044662,0.0,6.736448367717074,0.0,触发实验止盈,"Will the price of Bitcoin be above $78,000 on May 22?"
1779330617,YES_ONLY_SL25,2269345,price_range_daily,BUY_YES,YES,0.5263125,25.0,0.83125,0.0625,0.0,0.0052916666666667014,实验策略信号入场,"Will the price of Bitcoin be above $78,000 on May 22?"
1779346205,YES_ONLY_SL25,2269345,price_range_daily,SELL_YES,YES,0.385,17.50033250207814,0.7872817955112222,0.0,-8.39341749792186,0.0,触发实验止损,"Will the price of Bitcoin be above $78,000 on May 22?"
1779389108,YES_ONLY_SL25,2269345,price_range_daily,BUY_YES,YES,0.4060125,25.0,1.04125,0.0625,0.0,0.006336111111111126,实验策略信号入场,"Will the price of Bitcoin be above $78,000 on May 22?"
1779389706,YES_ONLY_SL25,2269345,price_range_daily,SELL_YES,YES,0.265,15.477710045872975,0.8395215664542349,0.0,-10.626039954127027,0.0,触发实验止损,"Will the price of Bitcoin be above $78,000 on May 22?"
1779390006,YES_ONLY_SL25,2269345,price_range_daily,BUY_YES,YES,0.2957375,25.0,1.2337500000000003,0.0625,0.0,0.01502500000000001,实验策略信号入场,"Will the price of Bitcoin be above $78,000 on May 22?"
1779395767,YES_ONLY_SL25,2269345,price_range_daily,SELL_YES,YES,0.405,32.810494949068016,1.4259478422587601,0.0,6.514244949068015,0.0,触发实验止盈,"Will the price of Bitcoin be above $78,000 on May 22?"
1779397506,YES_ONLY_SL25,2269345,price_range_daily,BUY_YES,YES,0.4060125,25.0,1.04125,0.0625,0.0,0.004287499999999972,实验策略信号入场,"Will the price of Bitcoin be above $78,000 on May 22?"
1779408906,YES_ONLY_SL25,2269345,price_range_daily,SELL_YES,YES,0.285,16.67040731504572,0.8783134755703336,0.0,-9.433342684954283,0.0,触发实验止损,"Will the price of Bitcoin be above $78,000 on May 22?"
1778922007,YES_NO_SL25,2269345,price_range_daily,BUY_NO,NO,0.44109999999999994,25.0,0.9800000000000001,0.0625,0.0,0.0017375000000000168,实验策略信号入场,"Will the price of Bitcoin be above $78,000 on May 22?"
1779067807,YES_NO_SL25,2269345,price_range_daily,SELL_NO,NO,0.6,33.053729313080936,0.9521650419406033,0.0,7.0112293130809356,0.0,触发实验止盈,"Will the price of Bitcoin be above $78,000 on May 22?"
1779068107,YES_NO_SL25,2269345,price_range_daily,BUY_NO,NO,0.611525,25.0,0.6825000000000001,0.0625,0.0,0.021172222222222252,实验策略信号入场,"Will the price of Bitcoin be above $78,000 on May 22?"
1779433804,YES_NO_SL25,2269345,price_range_daily,SELL_NO,NO,0.835,33.741701075180906,0.3942704713625773,0.0,7.996701075180905,0.0,触发实验止盈,"Will the price of Bitcoin be above $78,000 on May 22?"
1779433867,YES_NO_SL25,2269345,price_range_daily,BUY_NO,NO,0.8370874999999999,25.0,0.28875000000000006,0.0625,0.0,0.03501250000000001,实验策略信号入场,"Will the price of Bitcoin be above $78,000 on May 22?"
1779476406,YES_NO_SL25,2269345,price_range_daily,MARK_TO_MARKET_EXIT,NO,0.9995,29.849478623799786,0.0010447683187240328,0.0,4.498228623799786,0.0,回测结束平仓,"Will the price of Bitcoin be above $78,000 on May 22?"
1778922007,YES_NO_REV_SL25_CD60M,2269345,price_range_daily,BUY_NO,NO,0.44109999999999994,25.0,0.9800000000000001,0.0625,0.0,0.0017375000000000168,实验策略信号入场,"Will the price of Bitcoin be above $78,000 on May 22?"
1779067807,YES_NO_REV_SL25_CD60M,2269345,price_range_daily,SELL_NO,NO,0.6,33.053729313080936,0.9521650419406033,0.0,7.0112293130809356,0.0,触发实验止盈,"Will the price of Bitcoin be above $78,000 on May 22?"
1779068107,YES_NO_REV_SL25_CD60M,2269345,price_range_daily,BUY_NO,NO,0.611525,25.0,0.6825000000000001,0.0625,0.0,0.021172222222222252,实验策略信号入场,"Will the price of Bitcoin be above $78,000 on May 22?"
1779433804,YES_NO_REV_SL25_CD60M,2269345,price_range_daily,SELL_NO,NO,0.835,33.741701075180906,0.3942704713625773,0.0,7.996701075180905,0.0,触发实验止盈,"Will the price of Bitcoin be above $78,000 on May 22?"
1779433867,YES_NO_REV_SL25_CD60M,2269345,price_range_daily,BUY_NO,NO,0.8370874999999999,25.0,0.28875000000000006,0.0625,0.0,0.03501250000000001,实验策略信号入场,"Will the price of Bitcoin be above $78,000 on May 22?"
1779476406,YES_NO_REV_SL25_CD60M,2269345,price_range_daily,MARK_TO_MARKET_EXIT,NO,0.9995,29.849478623799786,0.0010447683187240328,0.0,4.498228623799786,0.0,回测结束平仓,"Will the price of Bitcoin be above $78,000 on May 22?"
1778922007,YES_NO_REV_SL15_CD60M,2269345,price_range_daily,BUY_NO,NO,0.44109999999999994,25.0,0.9800000000000001,0.0625,0.0,0.0017375000000000168,实验策略信号入场,"Will the price of Bitcoin be above $78,000 on May 22?"
1779061807,YES_NO_REV_SL15_CD60M,2269345,price_range_daily,SELL_NO,NO,0.585,32.19257254590796,0.9631744502380415,0.0,6.150072545907957,0.0,触发实验止盈,"Will the price of Bitcoin be above $78,000 on May 22?"
1779065723,YES_NO_REV_SL15_CD60M,2269345,price_range_daily,BUY_NO,NO,0.5864624999999999,25.0,0.7262500000000002,0.0625,0.0,0.0018180555555556074,实验策略信号入场,"Will the price of Bitcoin be above $78,000 on May 22?"
1779324905,YES_NO_REV_SL15_CD60M,2269345,price_range_daily,SELL_NO,NO,0.485,19.929481850928237,0.745326853805657,0.0,-5.859268149071763,0.0,触发实验止损,"Will the price of Bitcoin be above $78,000 on May 22?"
1779330617,YES_NO_REV_SL15_CD60M,2269345,price_range_daily,BUY_YES,YES,0.5263125,25.0,0.83125,0.0625,0.0,0.0052916666666667014,实验策略信号入场,"Will the price of Bitcoin be above $78,000 on May 22?"
1779342605,YES_NO_REV_SL15_CD60M,2269345,price_range_daily,SELL_YES,YES,0.435,19.845422158888496,0.8172069825436411,0.0,-6.0483278411115045,0.0,触发实验止损,"Will the price of Bitcoin be above $78,000 on May 22?"
1779362406,YES_NO_REV_SL15_CD60M,2269345,price_range_daily,BUY_NO,NO,0.6566375,25.0,0.60375,0.0625,0.0,0.0029680555555555294,实验策略信号入场,"Will the price of Bitcoin be above $78,000 on May 22?"
1779384305,YES_NO_REV_SL15_CD60M,2269345,price_range_daily,SELL_NO,NO,0.5549999999999999,20.472168814604707,0.6582113418743218,0.0,-5.194081185395294,0.0,触发实验止损,"Will the price of Bitcoin be above $78,000 on May 22?"
1779389108,YES_NO_REV_SL15_CD60M,2269345,price_range_daily,BUY_YES,YES,0.4060125,25.0,1.04125,0.0625,0.0,0.006336111111111126,实验策略信号入场,"Will the price of Bitcoin be above $78,000 on May 22?"
1779389407,YES_NO_REV_SL15_CD60M,2269345,price_range_daily,SELL_YES,YES,0.325,19.06614636248884,0.9455527847049046,0.0,-7.037603637511161,0.0,触发实验止损,"Will the price of Bitcoin be above $78,000 on May 22?"
1779393315,YES_NO_REV_SL15_CD60M,2269345,price_range_daily,BUY_YES,YES,0.3759375,25.0,1.09375,0.0625,0.0,0.006111111111111081,实验策略信号入场,"Will the price of Bitcoin be above $78,000 on May 22?"
1779408184,YES_NO_REV_SL15_CD60M,2269345,price_range_daily,SELL_YES,YES,0.315,19.943192019950125,1.0044389027431424,0.0,-6.213057980049875,0.0,触发实验止损,"Will the price of Bitcoin be above $78,000 on May 22?"
1779410706,YES_NO_REV_SL15_CD60M,2269345,price_range_daily,BUY_NO,NO,0.7268125,25.0,0.48125000000000007,0.0625,0.0,0.0026944444444444923,实验策略信号入场,"Will the price of Bitcoin be above $78,000 on May 22?"
1779420907,YES_NO_REV_SL15_CD60M,2269345,price_range_daily,SELL_NO,NO,0.605,20.234646143262534,0.5753977126150143,0.0,-5.309103856737465,0.0,触发实验止损,"Will the price of Bitcoin be above $78,000 on May 22?"
1779432307,YES_NO_REV_SL15_CD60M,2269345,price_range_daily,BUY_NO,NO,0.7769375,25.0,0.39375,0.0625,0.0,0.0015069444444444288,实验策略信号入场,"Will the price of Bitcoin be above $78,000 on May 22?"
1779476406,YES_NO_REV_SL15_CD60M,2269345,price_range_daily,MARK_TO_MARKET_EXIT,NO,0.9995,32.16040600112622,0.0011256536079155709,0.0,6.7041560011262185,0.0,回测结束平仓,"Will the price of Bitcoin be above $78,000 on May 22?"
1778922007,YES_NO_REV_SL12_CD60M,2269345,price_range_daily,BUY_NO,NO,0.44109999999999994,25.0,0.9800000000000001,0.0625,0.0,0.0017375000000000168,实验策略信号入场,"Will the price of Bitcoin be above $78,000 on May 22?"
1779061507,YES_NO_REV_SL12_CD60M,2269345,price_range_daily,SELL_NO,NO,0.56,30.761278621627753,0.9775561097256859,0.0,4.718778621627752,0.0,触发实验止盈,"Will the price of Bitcoin be above $78,000 on May 22?"
1779065723,YES_NO_REV_SL12_CD60M,2269345,price_range_daily,BUY_NO,NO,0.5864624999999999,25.0,0.7262500000000002,0.0625,0.0,0.0018180555555556074,实验策略信号入场,"Will the price of Bitcoin be above $78,000 on May 22?"
1779200703,YES_NO_REV_SL12_CD60M,2269345,price_range_daily,SELL_NO,NO,0.735,30.750719355457516,0.5812072383144704,0.0,4.961969355457516,0.0,触发实验止盈,"Will the price of Bitcoin be above $78,000 on May 22?"
1779204004,YES_NO_REV_SL12_CD60M,2269345,price_range_daily,BUY_NO,NO,0.7117749999999999,25.0,0.5075000000000002,0.0625,0.0,0.0017138888888888898,实验策略信号入场,"Will the price of Bitcoin be above $78,000 on May 22?"
1779255604,YES_NO_REV_SL12_CD60M,2269345,price_range_daily,SELL_NO,NO,0.615,21.01878226967792,0.5821449896385797,0.0,-4.5512177303220795,0.0,触发实验止损,"Will the price of Bitcoin be above $78,000 on May 22?"
1779263403,YES_NO_REV_SL12_CD60M,2269345,price_range_daily,BUY_YES,YES,0.3859625,25.0,1.0762500000000002,0.0625,0.0,0.0021236111111111247,实验策略信号入场,"Will the price of Bitcoin be above $78,000 on May 22?"
1779284418,YES_NO_REV_SL12_CD60M,2269345,price_range_daily,SELL_YES,YES,0.335,20.688910839783656,1.0100884153253231,0.0,-5.449839160216346,0.0,触发实验止损,"Will the price of Bitcoin be above $78,000 on May 22?"
1779330617,YES_NO_REV_SL12_CD60M,2269345,price_range_daily,BUY_YES,YES,0.5263125,25.0,0.83125,0.0625,0.0,0.0052916666666667014,实验策略信号入场,"Will the price of Bitcoin be above $78,000 on May 22?"
1779341704,YES_NO_REV_SL12_CD60M,2269345,price_range_daily,SELL_YES,YES,0.455,20.78811305070657,0.8245220282626767,0.0,-5.10563694929343,0.0,触发实验止损,"Will the price of Bitcoin be above $78,000 on May 22?"
1779362406,YES_NO_REV_SL12_CD60M,2269345,price_range_daily,BUY_NO,NO,0.6566375,25.0,0.60375,0.0625,0.0,0.0029680555555555294,实验策略信号入场,"Will the price of Bitcoin be above $78,000 on May 22?"
1779371106,YES_NO_REV_SL12_CD60M,2269345,price_range_daily,SELL_NO,NO,0.825,31.025251756105916,0.38477280082237164,0.0,5.359001756105915,0.0,触发实验止盈,"Will the price of Bitcoin be above $78,000 on May 22?"
1779371405,YES_NO_REV_SL12_CD60M,2269345,price_range_daily,BUY_NO,NO,0.8070124999999999,25.0,0.34125000000000016,0.0625,0.0,0.09957916666666666,实验策略信号入场,"Will the price of Bitcoin be above $78,000 on May 22?"
1779378606,YES_NO_REV_SL12_CD60M,2269345,price_range_daily,SELL_NO,NO,0.7050000000000001,21.388818326853677,0.4509920850048792,0.0,-4.014931673146322,0.0,触发实验止损,"Will the price of Bitcoin be above $78,000 on May 22?"
1779382206,YES_NO_REV_SL12_CD60M,2269345,price_range_daily,BUY_NO,NO,0.7969875,25.0,0.35874999999999996,0.0625,0.0,0.08603194444444444,实验策略信号入场,"Will the price of Bitcoin be above $78,000 on May 22?"
1779383706,YES_NO_REV_SL12_CD60M,2269345,price_range_daily,SELL_NO,NO,0.675,20.69178468922035,0.4816967016421212,0.0,-4.729465310779652,0.0,触发实验止损,"Will the price of Bitcoin be above $78,000 on May 22?"
1779389108,YES_NO_REV_SL12_CD60M,2269345,price_range_daily,BUY_YES,YES,0.4060125,25.0,1.04125,0.0625,0.0,0.006336111111111126,实验策略信号入场,"Will the price of Bitcoin be above $78,000 on May 22?"
1779389407,YES_NO_REV_SL12_CD60M,2269345,price_range_daily,SELL_YES,YES,0.325,19.06614636248884,0.9455527847049046,0.0,-7.037603637511161,0.0,触发实验止损,"Will the price of Bitcoin be above $78,000 on May 22?"
1779393315,YES_NO_REV_SL12_CD60M,2269345,price_range_daily,BUY_YES,YES,0.3759375,25.0,1.09375,0.0625,0.0,0.006111111111111081,实验策略信号入场,"Will the price of Bitcoin be above $78,000 on May 22?"
1779403206,YES_NO_REV_SL12_CD60M,2269345,price_range_daily,SELL_YES,YES,0.325,20.591438071487946,1.021197007481297,0.0,-5.564811928512054,0.0,触发实验止损,"Will the price of Bitcoin be above $78,000 on May 22?"
1779410706,YES_NO_REV_SL12_CD60M,2269345,price_range_daily,BUY_NO,NO,0.7268125,25.0,0.48125000000000007,0.0625,0.0,0.0026944444444444923,实验策略信号入场,"Will the price of Bitcoin be above $78,000 on May 22?"
1779419107,YES_NO_REV_SL12_CD60M,2269345,price_range_daily,SELL_NO,NO,0.635,21.28388511479921,0.5580617421962337,0.0,-4.259864885200788,0.0,触发实验止损,"Will the price of Bitcoin be above $78,000 on May 22?"
1779432307,YES_NO_REV_SL12_CD60M,2269345,price_range_daily,BUY_NO,NO,0.7769375,25.0,0.39375,0.0625,0.0,0.0015069444444444288,实验策略信号入场,"Will the price of Bitcoin be above $78,000 on May 22?"
1779459604,YES_NO_REV_SL12_CD60M,2269345,price_range_daily,SELL_NO,NO,0.9755,31.335436167645405,0.05383259592953094,0.0,5.879186167645404,0.0,触发实验止盈,"Will the price of Bitcoin be above $78,000 on May 22?"
1779138304,YES_ONLY_SL25,2285038,price_range_daily,BUY_YES,YES,0.9223,25.0,0.13999999999999993,0.0625,0.0,0.0016569444444445337,实验策略信号入场,"Will the price of Bitcoin be above $72,000 on May 24?"
1779645906,YES_ONLY_SL25,2285038,price_range_daily,MARK_TO_MARKET_EXIT,YES,0.9995,27.09164635964437,0.0009482408110158341,0.0,1.8891463596443678,0.0,回测结束平仓,"Will the price of Bitcoin be above $72,000 on May 24?"
1779138304,YES_NO_SL25,2285038,price_range_daily,BUY_YES,YES,0.9223,25.0,0.13999999999999993,0.0625,0.0,0.0016569444444445337,实验策略信号入场,"Will the price of Bitcoin be above $72,000 on May 24?"
1779645906,YES_NO_SL25,2285038,price_range_daily,MARK_TO_MARKET_EXIT,YES,0.9995,27.09164635964437,0.0009482408110158341,0.0,1.8891463596443678,0.0,回测结束平仓,"Will the price of Bitcoin be above $72,000 on May 24?"
1779138304,YES_NO_REV_SL25_CD60M,2285038,price_range_daily,BUY_YES,YES,0.9223,25.0,0.13999999999999993,0.0625,0.0,0.0016569444444445337,实验策略信号入场,"Will the price of Bitcoin be above $72,000 on May 24?"
1779645906,YES_NO_REV_SL25_CD60M,2285038,price_range_daily,MARK_TO_MARKET_EXIT,YES,0.9995,27.09164635964437,0.0009482408110158341,0.0,1.8891463596443678,0.0,回测结束平仓,"Will the price of Bitcoin be above $72,000 on May 24?"
1779138304,YES_NO_REV_SL15_CD60M,2285038,price_range_daily,BUY_YES,YES,0.9223,25.0,0.13999999999999993,0.0625,0.0,0.0016569444444445337,实验策略信号入场,"Will the price of Bitcoin be above $72,000 on May 24?"
1779645906,YES_NO_REV_SL15_CD60M,2285038,price_range_daily,MARK_TO_MARKET_EXIT,YES,0.9995,27.09164635964437,0.0009482408110158341,0.0,1.8891463596443678,0.0,回测结束平仓,"Will the price of Bitcoin be above $72,000 on May 24?"
1779138304,YES_NO_REV_SL12_CD60M,2285038,price_range_daily,BUY_YES,YES,0.9223,25.0,0.13999999999999993,0.0625,0.0,0.0016569444444445337,实验策略信号入场,"Will the price of Bitcoin be above $72,000 on May 24?"
1779645906,YES_NO_REV_SL12_CD60M,2285038,price_range_daily,MARK_TO_MARKET_EXIT,YES,0.9995,27.09164635964437,0.0009482408110158341,0.0,1.8891463596443678,0.0,回测结束平仓,"Will the price of Bitcoin be above $72,000 on May 24?"
1779261906,YES_ONLY_SL25,2293509,price_range_daily,BUY_YES,YES,0.9523749999999999,25.0,0.08750000000000009,0.0625,0.0,0.0018472222222221182,实验策略信号入场,"Will the price of Bitcoin be above $72,000 on May 25?"
1779735063,YES_ONLY_SL25,2293509,price_range_daily,MARK_TO_MARKET_EXIT,YES,0.9995,26.236120685129286,0.0009182963643521763,0.0,1.0861206851292877,0.0,回测结束平仓,"Will the price of Bitcoin be above $72,000 on May 25?"
1779261906,YES_NO_SL25,2293509,price_range_daily,BUY_YES,YES,0.9523749999999999,25.0,0.08750000000000009,0.0625,0.0,0.0018472222222221182,实验策略信号入场,"Will the price of Bitcoin be above $72,000 on May 25?"
1779735063,YES_NO_SL25,2293509,price_range_daily,MARK_TO_MARKET_EXIT,YES,0.9995,26.236120685129286,0.0009182963643521763,0.0,1.0861206851292877,0.0,回测结束平仓,"Will the price of Bitcoin be above $72,000 on May 25?"
1779261906,YES_NO_REV_SL25_CD60M,2293509,price_range_daily,BUY_YES,YES,0.9523749999999999,25.0,0.08750000000000009,0.0625,0.0,0.0018472222222221182,实验策略信号入场,"Will the price of Bitcoin be above $72,000 on May 25?"
1779735063,YES_NO_REV_SL25_CD60M,2293509,price_range_daily,MARK_TO_MARKET_EXIT,YES,0.9995,26.236120685129286,0.0009182963643521763,0.0,1.0861206851292877,0.0,回测结束平仓,"Will the price of Bitcoin be above $72,000 on May 25?"
1779261906,YES_NO_REV_SL15_CD60M,2293509,price_range_daily,BUY_YES,YES,0.9523749999999999,25.0,0.08750000000000009,0.0625,0.0,0.0018472222222221182,实验策略信号入场,"Will the price of Bitcoin be above $72,000 on May 25?"
1779735063,YES_NO_REV_SL15_CD60M,2293509,price_range_daily,MARK_TO_MARKET_EXIT,YES,0.9995,26.236120685129286,0.0009182963643521763,0.0,1.0861206851292877,0.0,回测结束平仓,"Will the price of Bitcoin be above $72,000 on May 25?"
1779261906,YES_NO_REV_SL12_CD60M,2293509,price_range_daily,BUY_YES,YES,0.9523749999999999,25.0,0.08750000000000009,0.0625,0.0,0.0018472222222221182,实验策略信号入场,"Will the price of Bitcoin be above $72,000 on May 25?"
1779735063,YES_NO_REV_SL12_CD60M,2293509,price_range_daily,MARK_TO_MARKET_EXIT,YES,0.9995,26.236120685129286,0.0009182963643521763,0.0,1.0861206851292877,0.0,回测结束平仓,"Will the price of Bitcoin be above $72,000 on May 25?"
1779154204,YES_ONLY_SL25,2261224,price_range_daily,BUY_YES,YES,0.97192375,25.0,0.05337499999999995,0.0625,0.0,0.003823333333333352,实验策略信号入场,"Will the price of Bitcoin be above $72,000 on May 21?"
1779391803,YES_ONLY_SL25,2261224,price_range_daily,MARK_TO_MARKET_EXIT,YES,0.9995,25.70842150683117,0.0008998262466576249,0.0,0.5925465068311695,0.0,回测结束平仓,"Will the price of Bitcoin be above $72,000 on May 21?"
1779154204,YES_NO_SL25,2261224,price_range_daily,BUY_YES,YES,0.97192375,25.0,0.05337499999999995,0.0625,0.0,0.003823333333333352,实验策略信号入场,"Will the price of Bitcoin be above $72,000 on May 21?"
1779391803,YES_NO_SL25,2261224,price_range_daily,MARK_TO_MARKET_EXIT,YES,0.9995,25.70842150683117,0.0008998262466576249,0.0,0.5925465068311695,0.0,回测结束平仓,"Will the price of Bitcoin be above $72,000 on May 21?"
1779154204,YES_NO_REV_SL25_CD60M,2261224,price_range_daily,BUY_YES,YES,0.97192375,25.0,0.05337499999999995,0.0625,0.0,0.003823333333333352,实验策略信号入场,"Will the price of Bitcoin be above $72,000 on May 21?"
1779391803,YES_NO_REV_SL25_CD60M,2261224,price_range_daily,MARK_TO_MARKET_EXIT,YES,0.9995,25.70842150683117,0.0008998262466576249,0.0,0.5925465068311695,0.0,回测结束平仓,"Will the price of Bitcoin be above $72,000 on May 21?"
1779154204,YES_NO_REV_SL15_CD60M,2261224,price_range_daily,BUY_YES,YES,0.97192375,25.0,0.05337499999999995,0.0625,0.0,0.003823333333333352,实验策略信号入场,"Will the price of Bitcoin be above $72,000 on May 21?"
1779391803,YES_NO_REV_SL15_CD60M,2261224,price_range_daily,MARK_TO_MARKET_EXIT,YES,0.9995,25.70842150683117,0.0008998262466576249,0.0,0.5925465068311695,0.0,回测结束平仓,"Will the price of Bitcoin be above $72,000 on May 21?"
1779154204,YES_NO_REV_SL12_CD60M,2261224,price_range_daily,BUY_YES,YES,0.97192375,25.0,0.05337499999999995,0.0625,0.0,0.003823333333333352,实验策略信号入场,"Will the price of Bitcoin be above $72,000 on May 21?"
1779391803,YES_NO_REV_SL12_CD60M,2261224,price_range_daily,MARK_TO_MARKET_EXIT,YES,0.9995,25.70842150683117,0.0008998262466576249,0.0,0.5925465068311695,0.0,回测结束平仓,"Will the price of Bitcoin be above $72,000 on May 21?"
1779262803,YES_ONLY_SL25,2293515,price_range_daily,BUY_YES,YES,0.6766875,25.0,0.56875,0.0625,0.0,0.0018680555555555811,实验策略信号入场,"Will the price of Bitcoin be above $76,000 on May 25?"
1779478505,YES_ONLY_SL25,2293515,price_range_daily,SELL_YES,YES,0.475,16.903805301560908,0.6449154890551398,0.0,-8.727444698439093,0.0,触发实验止损,"Will the price of Bitcoin be above $76,000 on May 25?"
1779553204,YES_ONLY_SL25,2293515,price_range_daily,BUY_YES,YES,0.4060125,25.0,1.04125,0.0625,0.0,0.0025166666666666393,实验策略信号入场,"Will the price of Bitcoin be above $76,000 on May 25?"
1779568503,YES_ONLY_SL25,2293515,price_range_daily,SELL_YES,YES,0.575,34.35200578799913,1.0533080878051784,0.0,8.248255787999131,0.0,触发实验止盈,"Will the price of Bitcoin be above $76,000 on May 25?"
1779568803,YES_ONLY_SL25,2293515,price_range_daily,BUY_YES,YES,0.6766875,25.0,0.56875,0.0625,0.0,0.09516666666666668,实验策略信号入场,"Will the price of Bitcoin be above $76,000 on May 25?"
1779675004,YES_ONLY_SL25,2293515,price_range_daily,SELL_YES,YES,0.935,34.38609956590006,0.15717188510205954,0.0,8.75484956590006,0.0,触发实验止盈,"Will the price of Bitcoin be above $76,000 on May 25?"
1779675304,YES_ONLY_SL25,2293515,price_range_daily,BUY_YES,YES,0.9273125,25.0,0.13124999999999995,0.0625,0.0,0.11811805555555548,实验策略信号入场,"Will the price of Bitcoin be above $76,000 on May 25?"
1779735303,YES_ONLY_SL25,2293515,price_range_daily,MARK_TO_MARKET_EXIT,YES,0.9995,26.945205027970616,0.0009431151850103431,0.0,1.7514550279706143,0.0,回测结束平仓,"Will the price of Bitcoin be above $76,000 on May 25?"
1779262803,YES_NO_SL25,2293515,price_range_daily,BUY_YES,YES,0.6766875,25.0,0.56875,0.0625,0.0,0.0018680555555555811,实验策略信号入场,"Will the price of Bitcoin be above $76,000 on May 25?"
1779478505,YES_NO_SL25,2293515,price_range_daily,SELL_YES,YES,0.475,16.903805301560908,0.6449154890551398,0.0,-8.727444698439093,0.0,触发实验止损,"Will the price of Bitcoin be above $76,000 on May 25?"
1779478803,YES_NO_SL25,2293515,price_range_daily,BUY_NO,NO,0.5363374999999999,25.0,0.8137500000000002,0.0625,0.0,0.023213888888888888,实验策略信号入场,"Will the price of Bitcoin be above $76,000 on May 25?"
1779522903,YES_NO_SL25,2293515,price_range_daily,SELL_NO,NO,0.795,36.5251241056238,0.5317663784464074,0.0,10.648874105623804,0.0,触发实验止盈,"Will the price of Bitcoin be above $76,000 on May 25?"
1779523215,YES_NO_SL25,2293515,price_range_daily,BUY_NO,NO,0.7769375,25.0,0.39375,0.0625,0.0,0.02942361111111113,实验策略信号入场,"Will the price of Bitcoin be above $76,000 on May 25?"
1779549303,YES_NO_SL25,2293515,price_range_daily,SELL_NO,NO,0.5800000000000001,18.114327085512027,0.5486927841686108,0.0,-7.341922914487974,0.0,触发实验止损,"Will the price of Bitcoin be above $76,000 on May 25?"
1779553204,YES_NO_SL25,2293515,price_range_daily,BUY_YES,YES,0.4060125,25.0,1.04125,0.0625,0.0,0.0025166666666666393,实验策略信号入场,"Will the price of Bitcoin be above $76,000 on May 25?"
1779568503,YES_NO_SL25,2293515,price_range_daily,SELL_YES,YES,0.575,34.35200578799913,1.0533080878051784,0.0,8.248255787999131,0.0,触发实验止盈,"Will the price of Bitcoin be above $76,000 on May 25?"
1779568803,YES_NO_SL25,2293515,price_range_daily,BUY_YES,YES,0.6766875,25.0,0.56875,0.0625,0.0,0.09516666666666668,实验策略信号入场,"Will the price of Bitcoin be above $76,000 on May 25?"
1779675004,YES_NO_SL25,2293515,price_range_daily,SELL_YES,YES,0.935,34.38609956590006,0.15717188510205954,0.0,8.75484956590006,0.0,触发实验止盈,"Will the price of Bitcoin be above $76,000 on May 25?"
1779675304,YES_NO_SL25,2293515,price_range_daily,BUY_YES,YES,0.9273125,25.0,0.13124999999999995,0.0625,0.0,0.11811805555555548,实验策略信号入场,"Will the price of Bitcoin be above $76,000 on May 25?"
1779735303,YES_NO_SL25,2293515,price_range_daily,MARK_TO_MARKET_EXIT,YES,0.9995,26.945205027970616,0.0009431151850103431,0.0,1.7514550279706143,0.0,回测结束平仓,"Will the price of Bitcoin be above $76,000 on May 25?"
1779262803,YES_NO_REV_SL25_CD60M,2293515,price_range_daily,BUY_YES,YES,0.6766875,25.0,0.56875,0.0625,0.0,0.0018680555555555811,实验策略信号入场,"Will the price of Bitcoin be above $76,000 on May 25?"
1779478505,YES_NO_REV_SL25_CD60M,2293515,price_range_daily,SELL_YES,YES,0.475,16.903805301560908,0.6449154890551398,0.0,-8.727444698439093,0.0,触发实验止损,"Will the price of Bitcoin be above $76,000 on May 25?"
1779478505,YES_NO_REV_SL25_CD60M,2293515,price_range_daily,BUY_NO,NO,0.5263125,25.0,0.83125,0.0625,0.0,0.016923611111111132,YES 止损后反转尝试买 NO,"Will the price of Bitcoin be above $76,000 on May 25?"
1779522903,YES_NO_REV_SL25_CD60M,2293515,price_range_daily,SELL_NO,NO,0.795,37.22084075525473,0.5418952618453866,0.0,11.327090755254726,0.0,触发实验止盈,"Will the price of Bitcoin be above $76,000 on May 25?"
1779523215,YES_NO_REV_SL25_CD60M,2293515,price_range_daily,BUY_NO,NO,0.7769375,25.0,0.39375,0.0625,0.0,0.02942361111111113,实验策略信号入场,"Will the price of Bitcoin be above $76,000 on May 25?"
1779549303,YES_NO_REV_SL25_CD60M,2293515,price_range_daily,SELL_NO,NO,0.5800000000000001,18.114327085512027,0.5486927841686108,0.0,-7.341922914487974,0.0,触发实验止损,"Will the price of Bitcoin be above $76,000 on May 25?"
1779553204,YES_NO_REV_SL25_CD60M,2293515,price_range_daily,BUY_YES,YES,0.4060125,25.0,1.04125,0.0625,0.0,0.0025166666666666393,实验策略信号入场,"Will the price of Bitcoin be above $76,000 on May 25?"
1779568503,YES_NO_REV_SL25_CD60M,2293515,price_range_daily,SELL_YES,YES,0.575,34.35200578799913,1.0533080878051784,0.0,8.248255787999131,0.0,触发实验止盈,"Will the price of Bitcoin be above $76,000 on May 25?"
1779568803,YES_NO_REV_SL25_CD60M,2293515,price_range_daily,BUY_YES,YES,0.6766875,25.0,0.56875,0.0625,0.0,0.09516666666666668,实验策略信号入场,"Will the price of Bitcoin be above $76,000 on May 25?"
1779675004,YES_NO_REV_SL25_CD60M,2293515,price_range_daily,SELL_YES,YES,0.935,34.38609956590006,0.15717188510205954,0.0,8.75484956590006,0.0,触发实验止盈,"Will the price of Bitcoin be above $76,000 on May 25?"
1779675304,YES_NO_REV_SL25_CD60M,2293515,price_range_daily,BUY_YES,YES,0.9273125,25.0,0.13124999999999995,0.0625,0.0,0.11811805555555548,实验策略信号入场,"Will the price of Bitcoin be above $76,000 on May 25?"
1779735303,YES_NO_REV_SL25_CD60M,2293515,price_range_daily,MARK_TO_MARKET_EXIT,YES,0.9995,26.945205027970616,0.0009431151850103431,0.0,1.7514550279706143,0.0,回测结束平仓,"Will the price of Bitcoin be above $76,000 on May 25?"
1779262803,YES_NO_REV_SL15_CD60M,2293515,price_range_daily,BUY_YES,YES,0.6766875,25.0,0.56875,0.0625,0.0,0.0018680555555555811,实验策略信号入场,"Will the price of Bitcoin be above $76,000 on May 25?"
1779477003,YES_NO_REV_SL15_CD60M,2293515,price_range_daily,SELL_YES,YES,0.57,20.42460515378221,0.6338597949570518,0.0,-5.206644846217792,0.0,触发实验止损,"Will the price of Bitcoin be above $76,000 on May 25?"
1779478206,YES_NO_REV_SL15_CD60M,2293515,price_range_daily,BUY_NO,NO,0.42105000000000004,25.0,1.0150000000000001,0.0625,0.0,0.004191666666666621,实验策略信号入场,"Will the price of Bitcoin be above $76,000 on May 25?"
1779479404,YES_NO_REV_SL15_CD60M,2293515,price_range_daily,SELL_NO,NO,0.5549999999999999,31.92683469896686,1.026496259351621,0.0,5.84933469896686,0.0,触发实验止盈,"Will the price of Bitcoin be above $76,000 on May 25?"
1779479704,YES_NO_REV_SL15_CD60M,2293515,price_range_daily,BUY_NO,NO,0.5162875,25.0,0.84875,0.0625,0.0,0.03927916666666674,实验策略信号入场,"Will the price of Bitcoin be above $76,000 on May 25?"
1779522603,YES_NO_REV_SL15_CD60M,2293515,price_range_daily,SELL_NO,NO,0.71,33.6821538387042,0.6979154056606058,0.0,7.7709038387042035,0.0,触发实验止盈,"Will the price of Bitcoin be above $76,000 on May 25?"
1779522903,YES_NO_REV_SL15_CD60M,2293515,price_range_daily,BUY_NO,NO,0.7969875,25.0,0.35874999999999996,0.0625,0.0,0.02759444444444446,实验策略信号入场,"Will the price of Bitcoin be above $76,000 on May 25?"
1779544514,YES_NO_REV_SL15_CD60M,2293515,price_range_daily,SELL_NO,NO,0.6699999999999999,20.531156385765144,0.48548440220204214,0.0,-4.890093614234857,0.0,触发实验止损,"Will the price of Bitcoin be above $76,000 on May 25?"
1779553204,YES_NO_REV_SL15_CD60M,2293515,price_range_daily,BUY_YES,YES,0.4060125,25.0,1.04125,0.0625,0.0,0.0025166666666666393,实验策略信号入场,"Will the price of Bitcoin be above $76,000 on May 25?"
1779567603,YES_NO_REV_SL15_CD60M,2293515,price_range_daily,SELL_YES,YES,0.535,31.870062498075796,1.0722730211508267,0.0,5.766312498075795,0.0,触发实验止盈,"Will the price of Bitcoin be above $76,000 on May 25?"
1779567903,YES_NO_REV_SL15_CD60M,2293515,price_range_daily,BUY_YES,YES,0.5363375,25.0,0.8137500000000001,0.0625,0.0,0.07613055555555556,实验策略信号入场,"Will the price of Bitcoin be above $76,000 on May 25?"
1779570004,YES_NO_REV_SL15_CD60M,2293515,price_range_daily,SELL_YES,YES,0.755,34.58884331228004,0.6035495373715245,0.0,8.712593312280042,0.0,触发实验止盈,"Will the price of Bitcoin be above $76,000 on May 25?"
1779570303,YES_NO_REV_SL15_CD60M,2293515,price_range_daily,BUY_YES,YES,0.7268125,25.0,0.48125000000000007,0.0625,0.0,0.12634027777777773,实验策略信号入场,"Will the price of Bitcoin be above $76,000 on May 25?"
1779576003,YES_NO_REV_SL15_CD60M,2293515,price_range_daily,SELL_YES,YES,0.61,20.409218333476655,0.5728093559205436,0.0,-5.134531666523344,0.0,触发实验止损,"Will the price of Bitcoin be above $76,000 on May 25?"
1779579604,YES_NO_REV_SL15_CD60M,2293515,price_range_daily,BUY_YES,YES,0.6766875,25.0,0.56875,0.0625,0.0,0.18829166666666663,实验策略信号入场,"Will the price of Bitcoin be above $76,000 on May 25?"
1779659103,YES_NO_REV_SL15_CD60M,2293515,price_range_daily,SELL_YES,YES,0.555,19.86558603491272,0.6387087835965641,0.0,-5.765663965087281,0.0,触发实验止损,"Will the price of Bitcoin be above $76,000 on May 25?"
1779666604,YES_NO_REV_SL15_CD60M,2293515,price_range_daily,BUY_YES,YES,0.8671625,25.0,0.23625000000000004,0.0625,0.0,0.0034319444444445187,实验策略信号入场,"Will the price of Bitcoin be above $76,000 on May 25?"
1779735303,YES_NO_REV_SL15_CD60M,2293515,price_range_daily,MARK_TO_MARKET_EXIT,YES,0.9995,28.81423659060442,0.0010085335793463207,0.0,3.5154865906044215,0.0,回测结束平仓,"Will the price of Bitcoin be above $76,000 on May 25?"
1779262803,YES_NO_REV_SL12_CD60M,2293515,price_range_daily,BUY_YES,YES,0.6766875,25.0,0.56875,0.0625,0.0,0.0018680555555555811,实验策略信号入场,"Will the price of Bitcoin be above $76,000 on May 25?"
1779422707,YES_NO_REV_SL12_CD60M,2293515,price_range_daily,SELL_YES,YES,0.85,31.073242818878725,0.3297312274868385,0.0,5.441992818878724,0.0,触发实验止盈,"Will the price of Bitcoin be above $76,000 on May 25?"
1779423905,YES_NO_REV_SL12_CD60M,2293515,price_range_daily,BUY_YES,YES,0.8521249999999999,25.0,0.26250000000000007,0.0625,0.0,0.0018263888888887664,实验策略信号入场,"Will the price of Bitcoin be above $76,000 on May 25?"
1779459904,YES_NO_REV_SL12_CD60M,2293515,price_range_daily,SELL_YES,YES,0.705,20.25646912131436,0.4271160334457974,0.0,-5.068530878685639,0.0,触发实验止损,"Will the price of Bitcoin be above $76,000 on May 25?"
1779478206,YES_NO_REV_SL12_CD60M,2293515,price_range_daily,BUY_NO,NO,0.42105000000000004,25.0,1.0150000000000001,0.0625,0.0,0.004191666666666621,实验策略信号入场,"Will the price of Bitcoin be above $76,000 on May 25?"
1779478803,YES_NO_REV_SL12_CD60M,2293515,price_range_daily,SELL_NO,NO,0.5349999999999999,30.731845980287368,1.0339775561097257,0.0,4.654345980287367,0.0,触发实验止盈,"Will the price of Bitcoin be above $76,000 on May 25?"
1779479103,YES_NO_REV_SL12_CD60M,2293515,price_range_daily,BUY_NO,NO,0.54135,25.0,0.8049999999999999,0.0625,0.0,0.029258333333333345,实验策略信号入场,"Will the price of Bitcoin be above $76,000 on May 25?"
1779483303,YES_NO_REV_SL12_CD60M,2293515,price_range_daily,SELL_NO,NO,0.475,21.12975662695114,0.806144361318925,0.0,-4.737743373048861,0.0,触发实验止损,"Will the price of Bitcoin be above $76,000 on May 25?"
1779486903,YES_NO_REV_SL12_CD60M,2293515,price_range_daily,BUY_NO,NO,0.48119999999999996,25.0,0.91,0.0625,0.0,0.1383222222222223,实验策略信号入场,"Will the price of Bitcoin be above $76,000 on May 25?"
1779493804,YES_NO_REV_SL12_CD60M,2293515,price_range_daily,SELL_NO,NO,0.605,30.56274677888612,0.8690902950955945,0.0,4.590246778886119,0.0,触发实验止盈,"Will the price of Bitcoin be above $76,000 on May 25?"
1779494104,YES_NO_REV_SL12_CD60M,2293515,price_range_daily,BUY_NO,NO,0.5914750000000001,25.0,0.7174999999999999,0.0625,0.0,0.1321680555555555,实验策略信号入场,"Will the price of Bitcoin be above $76,000 on May 25?"
1779522903,YES_NO_REV_SL12_CD60M,2293515,price_range_daily,SELL_NO,NO,0.795,33.12023965509954,0.48219493638784383,0.0,7.340239655099538,0.0,触发实验止盈,"Will the price of Bitcoin be above $76,000 on May 25?"
1779523215,YES_NO_REV_SL12_CD60M,2293515,price_range_daily,BUY_NO,NO,0.7769375,25.0,0.39375,0.0625,0.0,0.02942361111111113,实验策略信号入场,"Will the price of Bitcoin be above $76,000 on May 25?"
1779544514,YES_NO_REV_SL12_CD60M,2293515,price_range_daily,SELL_NO,NO,0.6699999999999999,21.06099267959134,0.4980130319362884,0.0,-4.3952573204086605,0.0,触发实验止损,"Will the price of Bitcoin be above $76,000 on May 25?"
1779553204,YES_NO_REV_SL12_CD60M,2293515,price_range_daily,BUY_YES,YES,0.4060125,25.0,1.04125,0.0625,0.0,0.0025166666666666393,实验策略信号入场,"Will the price of Bitcoin be above $76,000 on May 25?"
1779567303,YES_NO_REV_SL12_CD60M,2293515,price_range_daily,SELL_YES,YES,0.525,31.25173178165697,1.0748591484252334,0.0,5.14798178165697,0.0,触发实验止盈,"Will the price of Bitcoin be above $76,000 on May 25?"
1779567603,YES_NO_REV_SL12_CD60M,2293515,price_range_daily,BUY_YES,YES,0.5363375,25.0,0.8137500000000001,0.0625,0.0,0.07394305555555555,实验策略信号入场,"Will the price of Bitcoin be above $76,000 on May 25?"
1779568803,YES_NO_REV_SL12_CD60M,2293515,price_range_daily,SELL_YES,YES,0.675,30.747605285850796,0.7157922949635258,0.0,4.871355285850797,0.0,触发实验止盈,"Will the price of Bitcoin be above $76,000 on May 25?"
1779569104,YES_NO_REV_SL12_CD60M,2293515,price_range_daily,BUY_YES,YES,0.6967374999999999,25.0,0.5337500000000001,0.0625,0.0,0.10201805555555553,实验策略信号入场,"Will the price of Bitcoin be above $76,000 on May 25?"
1779576003,YES_NO_REV_SL12_CD60M,2293515,price_range_daily,SELL_YES,YES,0.61,21.290191786720253,0.5975349396293441,0.0,-4.306058213279748,0.0,触发实验止损,"Will the price of Bitcoin be above $76,000 on May 25?"
1779579604,YES_NO_REV_SL12_CD60M,2293515,price_range_daily,BUY_YES,YES,0.6766875,25.0,0.56875,0.0625,0.0,0.18829166666666663,实验策略信号入场,"Will the price of Bitcoin be above $76,000 on May 25?"
1779658803,YES_NO_REV_SL12_CD60M,2293515,price_range_daily,SELL_YES,YES,0.585,20.984788029925184,0.6278470490440566,0.0,-4.646461970074817,0.0,触发实验止损,"Will the price of Bitcoin be above $76,000 on May 25?"
1779666604,YES_NO_REV_SL12_CD60M,2293515,price_range_daily,BUY_YES,YES,0.8671625,25.0,0.23625000000000004,0.0625,0.0,0.0034319444444445187,实验策略信号入场,"Will the price of Bitcoin be above $76,000 on May 25?"
1779735303,YES_NO_REV_SL12_CD60M,2293515,price_range_daily,MARK_TO_MARKET_EXIT,YES,0.9995,28.81423659060442,0.0010085335793463207,0.0,3.5154865906044215,0.0,回测结束平仓,"Will the price of Bitcoin be above $76,000 on May 25?"
1779141304,YES_ONLY_SL25,2269339,price_range_daily,BUY_YES,YES,0.94585875,25.0,0.098875,0.0625,0.0,0.0017776388888889258,实验策略信号入场,"Will the price of Bitcoin be above $72,000 on May 22?"
1779476409,YES_ONLY_SL25,2269339,price_range_daily,MARK_TO_MARKET_EXIT,YES,0.9995,26.416867674480997,0.0009246227304022972,0.0,1.2554926744809976,0.0,回测结束平仓,"Will the price of Bitcoin be above $72,000 on May 22?"
1779141304,YES_NO_SL25,2269339,price_range_daily,BUY_YES,YES,0.94585875,25.0,0.098875,0.0625,0.0,0.0017776388888889258,实验策略信号入场,"Will the price of Bitcoin be above $72,000 on May 22?"
1779476409,YES_NO_SL25,2269339,price_range_daily,MARK_TO_MARKET_EXIT,YES,0.9995,26.416867674480997,0.0009246227304022972,0.0,1.2554926744809976,0.0,回测结束平仓,"Will the price of Bitcoin be above $72,000 on May 22?"
1779141304,YES_NO_REV_SL25_CD60M,2269339,price_range_daily,BUY_YES,YES,0.94585875,25.0,0.098875,0.0625,0.0,0.0017776388888889258,实验策略信号入场,"Will the price of Bitcoin be above $72,000 on May 22?"
1779476409,YES_NO_REV_SL25_CD60M,2269339,price_range_daily,MARK_TO_MARKET_EXIT,YES,0.9995,26.416867674480997,0.0009246227304022972,0.0,1.2554926744809976,0.0,回测结束平仓,"Will the price of Bitcoin be above $72,000 on May 22?"
1779141304,YES_NO_REV_SL15_CD60M,2269339,price_range_daily,BUY_YES,YES,0.94585875,25.0,0.098875,0.0625,0.0,0.0017776388888889258,实验策略信号入场,"Will the price of Bitcoin be above $72,000 on May 22?"
1779476409,YES_NO_REV_SL15_CD60M,2269339,price_range_daily,MARK_TO_MARKET_EXIT,YES,0.9995,26.416867674480997,0.0009246227304022972,0.0,1.2554926744809976,0.0,回测结束平仓,"Will the price of Bitcoin be above $72,000 on May 22?"
1779141304,YES_NO_REV_SL12_CD60M,2269339,price_range_daily,BUY_YES,YES,0.94585875,25.0,0.098875,0.0625,0.0,0.0017776388888889258,实验策略信号入场,"Will the price of Bitcoin be above $72,000 on May 22?"
1779476409,YES_NO_REV_SL12_CD60M,2269339,price_range_daily,MARK_TO_MARKET_EXIT,YES,0.9995,26.416867674480997,0.0009246227304022972,0.0,1.2554926744809976,0.0,回测结束平仓,"Will the price of Bitcoin be above $72,000 on May 22?"
1779164404,YES_NO_SL25,2293525,price_range_daily,BUY_NO,NO,0.9223,25.0,0.13999999999999993,0.0625,0.0,0.013184722222222226,实验策略信号入场,"Will the price of Bitcoin be above $82,000 on May 25?"
1779735303,YES_NO_SL25,2293525,price_range_daily,MARK_TO_MARKET_EXIT,NO,0.9995,27.09164635964437,0.0009482408110158341,0.0,1.8891463596443678,0.0,回测结束平仓,"Will the price of Bitcoin be above $82,000 on May 25?"
1779164404,YES_NO_REV_SL25_CD60M,2293525,price_range_daily,BUY_NO,NO,0.9223,25.0,0.13999999999999993,0.0625,0.0,0.013184722222222226,实验策略信号入场,"Will the price of Bitcoin be above $82,000 on May 25?"
1779735303,YES_NO_REV_SL25_CD60M,2293525,price_range_daily,MARK_TO_MARKET_EXIT,NO,0.9995,27.09164635964437,0.0009482408110158341,0.0,1.8891463596443678,0.0,回测结束平仓,"Will the price of Bitcoin be above $82,000 on May 25?"
1779164404,YES_NO_REV_SL15_CD60M,2293525,price_range_daily,BUY_NO,NO,0.9223,25.0,0.13999999999999993,0.0625,0.0,0.013184722222222226,实验策略信号入场,"Will the price of Bitcoin be above $82,000 on May 25?"
1779735303,YES_NO_REV_SL15_CD60M,2293525,price_range_daily,MARK_TO_MARKET_EXIT,NO,0.9995,27.09164635964437,0.0009482408110158341,0.0,1.8891463596443678,0.0,回测结束平仓,"Will the price of Bitcoin be above $82,000 on May 25?"
1779164404,YES_NO_REV_SL12_CD60M,2293525,price_range_daily,BUY_NO,NO,0.9223,25.0,0.13999999999999993,0.0625,0.0,0.013184722222222226,实验策略信号入场,"Will the price of Bitcoin be above $82,000 on May 25?"
1779735303,YES_NO_REV_SL12_CD60M,2293525,price_range_daily,MARK_TO_MARKET_EXIT,NO,0.9995,27.09164635964437,0.0009482408110158341,0.0,1.8891463596443678,0.0,回测结束平仓,"Will the price of Bitcoin be above $82,000 on May 25?"
1779138604,YES_ONLY_SL25,2285036,price_range_daily,BUY_YES,YES,0.9714225,25.0,0.054250000000000055,0.0625,0.0,0.001739722222222139,实验策略信号入场,"Will the price of Bitcoin be above $70,000 on May 24?"
1779645905,YES_ONLY_SL25,2285036,price_range_daily,MARK_TO_MARKET_EXIT,YES,0.9995,25.721686946205182,0.0009002905532864472,0.0,0.6049369462051821,0.0,回测结束平仓,"Will the price of Bitcoin be above $70,000 on May 24?"
1779138604,YES_NO_SL25,2285036,price_range_daily,BUY_YES,YES,0.9714225,25.0,0.054250000000000055,0.0625,0.0,0.001739722222222139,实验策略信号入场,"Will the price of Bitcoin be above $70,000 on May 24?"
1779645905,YES_NO_SL25,2285036,price_range_daily,MARK_TO_MARKET_EXIT,YES,0.9995,25.721686946205182,0.0009002905532864472,0.0,0.6049369462051821,0.0,回测结束平仓,"Will the price of Bitcoin be above $70,000 on May 24?"
1779138604,YES_NO_REV_SL25_CD60M,2285036,price_range_daily,BUY_YES,YES,0.9714225,25.0,0.054250000000000055,0.0625,0.0,0.001739722222222139,实验策略信号入场,"Will the price of Bitcoin be above $70,000 on May 24?"
1779645905,YES_NO_REV_SL25_CD60M,2285036,price_range_daily,MARK_TO_MARKET_EXIT,YES,0.9995,25.721686946205182,0.0009002905532864472,0.0,0.6049369462051821,0.0,回测结束平仓,"Will the price of Bitcoin be above $70,000 on May 24?"
1779138604,YES_NO_REV_SL15_CD60M,2285036,price_range_daily,BUY_YES,YES,0.9714225,25.0,0.054250000000000055,0.0625,0.0,0.001739722222222139,实验策略信号入场,"Will the price of Bitcoin be above $70,000 on May 24?"
1779645905,YES_NO_REV_SL15_CD60M,2285036,price_range_daily,MARK_TO_MARKET_EXIT,YES,0.9995,25.721686946205182,0.0009002905532864472,0.0,0.6049369462051821,0.0,回测结束平仓,"Will the price of Bitcoin be above $70,000 on May 24?"
1779138604,YES_NO_REV_SL12_CD60M,2285036,price_range_daily,BUY_YES,YES,0.9714225,25.0,0.054250000000000055,0.0625,0.0,0.001739722222222139,实验策略信号入场,"Will the price of Bitcoin be above $70,000 on May 24?"
1779645905,YES_NO_REV_SL12_CD60M,2285036,price_range_daily,MARK_TO_MARKET_EXIT,YES,0.9995,25.721686946205182,0.0009002905532864472,0.0,0.6049369462051821,0.0,回测结束平仓,"Will the price of Bitcoin be above $70,000 on May 24?"
1779271517,YES_ONLY_SL25,2293518,price_range_daily,BUY_YES,YES,0.4561375,25.0,0.9537499999999999,0.0625,0.0,0.0018847222222222182,实验策略信号入场,"Will the price of Bitcoin be above $78,000 on May 25?"
1779370822,YES_ONLY_SL25,2293518,price_range_daily,SELL_YES,YES,0.33,17.23838754761448,0.8482639554958756,0.0,-8.77786245238552,0.0,触发实验止损,"Will the price of Bitcoin be above $78,000 on May 25?"
1779570604,YES_ONLY_SL25,2293518,price_range_daily,BUY_YES,YES,0.3157875,25.0,1.1987500000000002,0.0625,0.0,0.0026055555555555623,实验策略信号入场,"Will the price of Bitcoin be above $78,000 on May 25?"
1779575703,YES_ONLY_SL25,2293518,price_range_daily,SELL_YES,YES,0.235,17.608023591814113,0.9962593516209478,0.0,-8.653226408185887,0.0,触发实验止损,"Will the price of Bitcoin be above $78,000 on May 25?"
1779576003,YES_ONLY_SL25,2293518,price_range_daily,BUY_YES,YES,0.2255625,25.0,1.3562500000000002,0.0625,0.0,0.04738194444444444,实验策略信号入场,"Will the price of Bitcoin be above $78,000 on May 25?"
1779620703,YES_ONLY_SL25,2293518,price_range_daily,SELL_YES,YES,0.315,33.23865336658355,1.6740648379052374,0.0,6.819903366583549,0.0,触发实验止盈,"Will the price of Bitcoin be above $78,000 on May 25?"
1779271517,YES_NO_SL25,2293518,price_range_daily,BUY_YES,YES,0.4561375,25.0,0.9537499999999999,0.0625,0.0,0.0018847222222222182,实验策略信号入场,"Will the price of Bitcoin be above $78,000 on May 25?"
1779370822,YES_NO_SL25,2293518,price_range_daily,SELL_YES,YES,0.33,17.23838754761448,0.8482639554958756,0.0,-8.77786245238552,0.0,触发实验止损,"Will the price of Bitcoin be above $78,000 on May 25?"
1779371106,YES_NO_SL25,2293518,price_range_daily,BUY_NO,NO,0.6967375,25.0,0.53375,0.0625,0.0,0.045802777777777734,实验策略信号入场,"Will the price of Bitcoin be above $78,000 on May 25?"
1779384305,YES_NO_SL25,2293518,price_range_daily,SELL_NO,NO,0.52,18.03146809235903,0.6269219038734101,0.0,-7.56478190764097,0.0,触发实验止损,"Will the price of Bitcoin be above $78,000 on May 25?"
1779384608,YES_NO_SL25,2293518,price_range_daily,BUY_NO,NO,0.49122499999999997,25.0,0.8925000000000001,0.0625,0.0,0.005480555555555558,实验策略信号入场,"Will the price of Bitcoin be above $78,000 on May 25?"
1779448803,YES_NO_SL25,2293518,price_range_daily,SELL_NO,NO,0.6699999999999999,33.31075372792508,0.7876736729604562,0.0,7.355753727925084,0.0,触发实验止盈,"Will the price of Bitcoin be above $78,000 on May 25?"
1779449103,YES_NO_SL25,2293518,price_range_daily,BUY_NO,NO,0.6566375,25.0,0.60375,0.0625,0.0,0.0031416666666666676,实验策略信号入场,"Will the price of Bitcoin be above $78,000 on May 25?"
1779479103,YES_NO_SL25,2293518,price_range_daily,SELL_NO,NO,0.89,33.62384116045763,0.26091260398621763,0.0,7.957591160457628,0.0,触发实验止盈,"Will the price of Bitcoin be above $78,000 on May 25?"
1779479404,YES_NO_SL25,2293518,price_range_daily,BUY_NO,NO,0.8972375,25.0,0.18375,0.0625,0.0,0.08216388888888887,实验策略信号入场,"Will the price of Bitcoin be above $78,000 on May 25?"
1779570004,YES_NO_SL25,2293518,price_range_daily,SELL_NO,NO,0.645,17.52523022053804,0.44659998049568816,0.0,-7.721019779461958,0.0,触发实验止损,"Will the price of Bitcoin be above $78,000 on May 25?"
1779570604,YES_NO_SL25,2293518,price_range_daily,BUY_YES,YES,0.3157875,25.0,1.1987500000000002,0.0625,0.0,0.0026055555555555623,实验策略信号入场,"Will the price of Bitcoin be above $78,000 on May 25?"
1779575703,YES_NO_SL25,2293518,price_range_daily,SELL_YES,YES,0.235,17.608023591814113,0.9962593516209478,0.0,-8.653226408185887,0.0,触发实验止损,"Will the price of Bitcoin be above $78,000 on May 25?"
1779576003,YES_NO_SL25,2293518,price_range_daily,BUY_YES,YES,0.2255625,25.0,1.3562500000000002,0.0625,0.0,0.04738194444444444,实验策略信号入场,"Will the price of Bitcoin be above $78,000 on May 25?"
1779620703,YES_NO_SL25,2293518,price_range_daily,SELL_YES,YES,0.315,33.23865336658355,1.6740648379052374,0.0,6.819903366583549,0.0,触发实验止盈,"Will the price of Bitcoin be above $78,000 on May 25?"
1779636603,YES_NO_SL25,2293518,price_range_daily,BUY_NO,NO,0.8571374999999999,25.0,0.2537500000000001,0.0625,0.0,0.003322222222222223,实验策略信号入场,"Will the price of Bitcoin be above $78,000 on May 25?"
1779735303,YES_NO_SL25,2293518,price_range_daily,MARK_TO_MARKET_EXIT,NO,0.9995,29.151245205699208,0.0010203292937246403,0.0,3.834995205699208,0.0,回测结束平仓,"Will the price of Bitcoin be above $78,000 on May 25?"
1779271517,YES_NO_REV_SL25_CD60M,2293518,price_range_daily,BUY_YES,YES,0.4561375,25.0,0.9537499999999999,0.0625,0.0,0.0018847222222222182,实验策略信号入场,"Will the price of Bitcoin be above $78,000 on May 25?"
1779370822,YES_NO_REV_SL25_CD60M,2293518,price_range_daily,SELL_YES,YES,0.33,17.23838754761448,0.8482639554958756,0.0,-8.77786245238552,0.0,触发实验止损,"Will the price of Bitcoin be above $78,000 on May 25?"
1779370822,YES_NO_REV_SL25_CD60M,2293518,price_range_daily,BUY_NO,NO,0.6716749999999999,25.0,0.5775000000000001,0.0625,0.0,0.04276805555555553,YES 止损后反转尝试买 NO,"Will the price of Bitcoin be above $78,000 on May 25?"
1779384608,YES_NO_REV_SL25_CD60M,2293518,price_range_daily,SELL_NO,NO,0.49,17.586890981501472,0.6510961402463991,0.0,-8.053109018498528,0.0,触发实验止损,"Will the price of Bitcoin be above $78,000 on May 25?"
1779441903,YES_NO_REV_SL25_CD60M,2293518,price_range_daily,BUY_NO,NO,0.6265624999999999,25.0,0.6562500000000001,0.0625,0.0,0.001736111111111105,实验策略信号入场,"Will the price of Bitcoin be above $78,000 on May 25?"
1779475804,YES_NO_REV_SL25_CD60M,2293518,price_range_daily,SELL_NO,NO,0.855,33.76844887780549,0.34626433915211985,0.0,8.04969887780549,0.0,触发实验止盈,"Will the price of Bitcoin be above $78,000 on May 25?"
1779476105,YES_NO_REV_SL25_CD60M,2293518,price_range_daily,BUY_NO,NO,0.8471124999999999,25.0,0.2712500000000001,0.0625,0.0,0.06949722222222221,实验策略信号入场,"Will the price of Bitcoin be above $78,000 on May 25?"
1779735303,YES_NO_REV_SL25_CD60M,2293518,price_range_daily,MARK_TO_MARKET_EXIT,NO,0.9995,29.49623035606251,0.0010324041966089555,0.0,4.162480356062513,0.0,回测结束平仓,"Will the price of Bitcoin be above $78,000 on May 25?"
1779271517,YES_NO_REV_SL15_CD60M,2293518,price_range_daily,BUY_YES,YES,0.4561375,25.0,0.9537499999999999,0.0625,0.0,0.0018847222222222182,实验策略信号入场,"Will the price of Bitcoin be above $78,000 on May 25?"
1779284707,YES_NO_REV_SL15_CD60M,2293518,price_range_daily,SELL_YES,YES,0.38,19.92315913512921,0.9038941108766547,0.0,-6.093090864870788,0.0,触发实验止损,"Will the price of Bitcoin be above $78,000 on May 25?"
1779364206,YES_NO_REV_SL15_CD60M,2293518,price_range_daily,BUY_NO,NO,0.6065124999999999,25.0,0.6912500000000001,0.0625,0.0,0.0038777777777777717,实验策略信号入场,"Will the price of Bitcoin be above $78,000 on May 25?"
1779384608,YES_NO_REV_SL15_CD60M,2293518,price_range_daily,SELL_NO,NO,0.49,19.47639166546444,0.7210486181241114,0.0,-6.27735833453556,0.0,触发实验止损,"Will the price of Bitcoin be above $78,000 on May 25?"
1779441903,YES_NO_REV_SL15_CD60M,2293518,price_range_daily,BUY_NO,NO,0.6265624999999999,25.0,0.6562500000000001,0.0625,0.0,0.001736111111111105,实验策略信号入场,"Will the price of Bitcoin be above $78,000 on May 25?"
1779475516,YES_NO_REV_SL15_CD60M,2293518,price_range_daily,SELL_NO,NO,0.835,32.93190024937656,0.3848079800498755,0.0,7.213150249376561,0.0,触发实验止盈,"Will the price of Bitcoin be above $78,000 on May 25?"
1779475804,YES_NO_REV_SL15_CD60M,2293518,price_range_daily,BUY_NO,NO,0.8571374999999999,25.0,0.2537500000000001,0.0625,0.0,0.07012777777777779,实验策略信号入场,"Will the price of Bitcoin be above $78,000 on May 25?"
1779570004,YES_NO_REV_SL15_CD60M,2293518,price_range_daily,SELL_NO,NO,0.645,18.345124032025204,0.4674935468346678,0.0,-6.971125967974796,0.0,触发实验止损,"Will the price of Bitcoin be above $78,000 on May 25?"
1779570604,YES_NO_REV_SL15_CD60M,2293518,price_range_daily,BUY_YES,YES,0.3157875,25.0,1.1987500000000002,0.0625,0.0,0.0026055555555555623,实验策略信号入场,"Will the price of Bitcoin be above $78,000 on May 25?"
1779572703,YES_NO_REV_SL15_CD60M,2293518,price_range_daily,SELL_YES,YES,0.265,19.899912916122396,1.079384871155445,0.0,-6.361337083877604,0.0,触发实验止损,"Will the price of Bitcoin be above $78,000 on May 25?"
1779576304,YES_NO_REV_SL15_CD60M,2293518,price_range_daily,BUY_YES,YES,0.23558749999999998,25.0,1.33875,0.0625,0.0,0.05016527777777777,实验策略信号入场,"Will the price of Bitcoin be above $78,000 on May 25?"
1779620703,YES_NO_REV_SL15_CD60M,2293518,price_range_daily,SELL_YES,YES,0.315,31.8242425850268,1.6028280362922485,0.0,5.4229925850267975,0.0,触发实验止盈,"Will the price of Bitcoin be above $78,000 on May 25?"
1779636603,YES_NO_REV_SL15_CD60M,2293518,price_range_daily,BUY_NO,NO,0.8571374999999999,25.0,0.2537500000000001,0.0625,0.0,0.003322222222222223,实验策略信号入场,"Will the price of Bitcoin be above $78,000 on May 25?"
1779675004,YES_NO_REV_SL15_CD60M,2293518,price_range_daily,SELL_NO,NO,0.7050000000000001,20.13801023756399,0.42461827886424297,0.0,-5.178239762436011,0.0,触发实验止损,"Will the price of Bitcoin be above $78,000 on May 25?"
1779712803,YES_NO_REV_SL15_CD60M,2293518,price_range_daily,BUY_NO,NO,0.8972375,25.0,0.18375,0.0625,0.0,0.0034833333333333417,实验策略信号入场,"Will the price of Bitcoin be above $78,000 on May 25?"
1779735303,YES_NO_REV_SL15_CD60M,2293518,price_range_daily,MARK_TO_MARKET_EXIT,NO,0.9995,27.848396257958456,0.0009747279845078965,0.0,2.6021462579584558,0.0,回测结束平仓,"Will the price of Bitcoin be above $78,000 on May 25?"
1779271517,YES_NO_REV_SL12_CD60M,2293518,price_range_daily,BUY_YES,YES,0.4561375,25.0,0.9537499999999999,0.0625,0.0,0.0018847222222222182,实验策略信号入场,"Will the price of Bitcoin be above $78,000 on May 25?"
1779284418,YES_NO_REV_SL12_CD60M,2293518,price_range_daily,SELL_YES,YES,0.39,20.46241539009619,0.9127182044887783,0.0,-5.553834609903809,0.0,触发实验止损,"Will the price of Bitcoin be above $78,000 on May 25?"
1779364206,YES_NO_REV_SL12_CD60M,2293518,price_range_daily,BUY_NO,NO,0.6065124999999999,25.0,0.6912500000000001,0.0625,0.0,0.0038777777777777717,实验策略信号入场,"Will the price of Bitcoin be above $78,000 on May 25?"
1779384305,YES_NO_REV_SL12_CD60M,2293518,price_range_daily,SELL_NO,NO,0.52,20.71383524659426,0.720183013540529,0.0,-5.039914753405739,0.0,触发实验止损,"Will the price of Bitcoin be above $78,000 on May 25?"
1779441903,YES_NO_REV_SL12_CD60M,2293518,price_range_daily,BUY_NO,NO,0.6265624999999999,25.0,0.6562500000000001,0.0625,0.0,0.001736111111111105,实验策略信号入场,"Will the price of Bitcoin be above $78,000 on May 25?"
1779464404,YES_NO_REV_SL12_CD60M,2293518,price_range_daily,SELL_NO,NO,0.785,30.850304239401506,0.47139152119700756,0.0,5.131554239401506,0.0,触发实验止盈,"Will the price of Bitcoin be above $78,000 on May 25?"
1779464715,YES_NO_REV_SL12_CD60M,2293518,price_range_daily,BUY_NO,NO,0.7869625,25.0,0.37625,0.0625,0.0,0.04984583333333338,实验策略信号入场,"Will the price of Bitcoin be above $78,000 on May 25?"
1779570004,YES_NO_REV_SL12_CD60M,2293518,price_range_daily,SELL_NO,NO,0.645,19.980994964817256,0.5091808694823451,0.0,-5.457755035182743,0.0,触发实验止损,"Will the price of Bitcoin be above $78,000 on May 25?"
1779570604,YES_NO_REV_SL12_CD60M,2293518,price_range_daily,BUY_YES,YES,0.3157875,25.0,1.1987500000000002,0.0625,0.0,0.0026055555555555623,实验策略信号入场,"Will the price of Bitcoin be above $78,000 on May 25?"
1779571803,YES_NO_REV_SL12_CD60M,2293518,price_range_daily,SELL_YES,YES,0.275,20.666092704746074,1.1048766971460242,0.0,-5.595157295253927,0.0,触发实验止损,"Will the price of Bitcoin be above $78,000 on May 25?"
1779575403,YES_NO_REV_SL12_CD60M,2293518,price_range_daily,BUY_YES,YES,0.24561249999999998,25.0,1.3212500000000003,0.0625,0.0,0.0448236111111111,实验策略信号入场,"Will the price of Bitcoin be above $78,000 on May 25?"
1779599404,YES_NO_REV_SL12_CD60M,2293518,price_range_daily,SELL_YES,YES,0.215,20.6815359560283,1.2025293908086927,0.0,-5.702214043971701,0.0,触发实验止损,"Will the price of Bitcoin be above $78,000 on May 25?"
1779636603,YES_NO_REV_SL12_CD60M,2293518,price_range_daily,BUY_NO,NO,0.8571374999999999,25.0,0.2537500000000001,0.0625,0.0,0.003322222222222223,实验策略信号入场,"Will the price of Bitcoin be above $78,000 on May 25?"
1779666303,YES_NO_REV_SL12_CD60M,2293518,price_range_daily,SELL_NO,NO,0.745,21.34143442563183,0.38786804917530743,0.0,-3.9748155743681686,0.0,触发实验止损,"Will the price of Bitcoin be above $78,000 on May 25?"
1779712803,YES_NO_REV_SL12_CD60M,2293518,price_range_daily,BUY_NO,NO,0.8972375,25.0,0.18375,0.0625,0.0,0.0034833333333333417,实验策略信号入场,"Will the price of Bitcoin be above $78,000 on May 25?"
1779735303,YES_NO_REV_SL12_CD60M,2293518,price_range_daily,MARK_TO_MARKET_EXIT,NO,0.9995,27.848396257958456,0.0009747279845078965,0.0,2.6021462579584558,0.0,回测结束平仓,"Will the price of Bitcoin be above $78,000 on May 25?"
1779082504,YES_NO_SL25,2285051,price_range_daily,BUY_NO,NO,0.912275,25.0,0.15749999999999995,0.0625,0.0,0.12234583333333335,实验策略信号入场,"Will the price of Bitcoin be above $82,000 on May 24?"
1779645905,YES_NO_SL25,2285051,price_range_daily,MARK_TO_MARKET_EXIT,NO,0.9995,27.389356759200904,0.0009586610397083159,0.0,2.1693567592009053,0.0,回测结束平仓,"Will the price of Bitcoin be above $82,000 on May 24?"
1779082504,YES_NO_REV_SL25_CD60M,2285051,price_range_daily,BUY_NO,NO,0.912275,25.0,0.15749999999999995,0.0625,0.0,0.12234583333333335,实验策略信号入场,"Will the price of Bitcoin be above $82,000 on May 24?"
1779645905,YES_NO_REV_SL25_CD60M,2285051,price_range_daily,MARK_TO_MARKET_EXIT,NO,0.9995,27.389356759200904,0.0009586610397083159,0.0,2.1693567592009053,0.0,回测结束平仓,"Will the price of Bitcoin be above $82,000 on May 24?"
1779082504,YES_NO_REV_SL15_CD60M,2285051,price_range_daily,BUY_NO,NO,0.912275,25.0,0.15749999999999995,0.0625,0.0,0.12234583333333335,实验策略信号入场,"Will the price of Bitcoin be above $82,000 on May 24?"
1779645905,YES_NO_REV_SL15_CD60M,2285051,price_range_daily,MARK_TO_MARKET_EXIT,NO,0.9995,27.389356759200904,0.0009586610397083159,0.0,2.1693567592009053,0.0,回测结束平仓,"Will the price of Bitcoin be above $82,000 on May 24?"
1779082504,YES_NO_REV_SL12_CD60M,2285051,price_range_daily,BUY_NO,NO,0.912275,25.0,0.15749999999999995,0.0625,0.0,0.12234583333333335,实验策略信号入场,"Will the price of Bitcoin be above $82,000 on May 24?"
1779645905,YES_NO_REV_SL12_CD60M,2285051,price_range_daily,MARK_TO_MARKET_EXIT,NO,0.9995,27.389356759200904,0.0009586610397083159,0.0,2.1693567592009053,0.0,回测结束平仓,"Will the price of Bitcoin be above $82,000 on May 24?"
1779141605,YES_ONLY_SL25,2285040,price_range_daily,BUY_YES,YES,0.82205,25.0,0.3150000000000001,0.0625,0.0,0.003754166666666614,实验策略信号入场,"Will the price of Bitcoin be above $74,000 on May 24?"
1779525603,YES_ONLY_SL25,2285040,price_range_daily,SELL_YES,YES,0.6125,18.121949318776235,0.50526313788699,0.0,-7.255550681223767,0.0,触发实验止损,"Will the price of Bitcoin be above $74,000 on May 24?"
1779546304,YES_ONLY_SL25,2285040,price_range_daily,BUY_YES,YES,0.9117737499999999,25.0,0.15837500000000004,0.0625,0.0,0.004807361111111057,实验策略信号入场,"Will the price of Bitcoin be above $74,000 on May 24?"
1779645904,YES_ONLY_SL25,2285040,price_range_daily,MARK_TO_MARKET_EXIT,YES,0.9995,27.40441412960178,0.0009591880661182708,0.0,2.1835391296017796,0.0,回测结束平仓,"Will the price of Bitcoin be above $74,000 on May 24?"
1779141605,YES_NO_SL25,2285040,price_range_daily,BUY_YES,YES,0.82205,25.0,0.3150000000000001,0.0625,0.0,0.003754166666666614,实验策略信号入场,"Will the price of Bitcoin be above $74,000 on May 24?"
1779525603,YES_NO_SL25,2285040,price_range_daily,SELL_YES,YES,0.6125,18.121949318776235,0.50526313788699,0.0,-7.255550681223767,0.0,触发实验止损,"Will the price of Bitcoin be above $74,000 on May 24?"
1779525904,YES_NO_SL25,2285040,price_range_daily,BUY_NO,NO,0.36741625000000006,25.0,1.108625,0.0625,0.0,0.022234861111111087,实验策略信号入场,"Will the price of Bitcoin be above $74,000 on May 24?"
1779528316,YES_NO_SL25,2285040,price_range_daily,SELL_NO,NO,0.27449999999999997,17.729177567676984,0.9485483086281565,0.0,-8.441947432323015,0.0,触发实验止损,"Will the price of Bitcoin be above $74,000 on May 24?"
1779528604,YES_NO_SL25,2285040,price_range_daily,BUY_NO,NO,0.27268,25.0,1.274,0.0625,0.0,0.06182819444444449,实验策略信号入场,"Will the price of Bitcoin be above $74,000 on May 24?"
1779535623,YES_NO_SL25,2285040,price_range_daily,SELL_NO,NO,0.2025,17.529286847220188,1.0364312105765001,0.0,-8.807213152779813,0.0,触发实验止损,"Will the price of Bitcoin be above $74,000 on May 24?"
1779535805,YES_NO_SL25,2285040,price_range_daily,BUY_NO,NO,0.20400875000000002,25.0,1.3938750000000002,0.0625,0.0,0.011675555555555606,实验策略信号入场,"Will the price of Bitcoin be above $74,000 on May 24?"
1779544204,YES_NO_SL25,2285040,price_range_daily,SELL_NO,NO,0.12549999999999994,14.437801993787025,0.9414403181236096,0.0,-12.018573006212977,0.0,触发实验止损,"Will the price of Bitcoin be above $74,000 on May 24?"
1779546304,YES_NO_SL25,2285040,price_range_daily,BUY_YES,YES,0.9117737499999999,25.0,0.15837500000000004,0.0625,0.0,0.004807361111111057,实验策略信号入场,"Will the price of Bitcoin be above $74,000 on May 24?"
1779645904,YES_NO_SL25,2285040,price_range_daily,MARK_TO_MARKET_EXIT,YES,0.9995,27.40441412960178,0.0009591880661182708,0.0,2.1835391296017796,0.0,回测结束平仓,"Will the price of Bitcoin be above $74,000 on May 24?"
1779141605,YES_NO_REV_SL25_CD60M,2285040,price_range_daily,BUY_YES,YES,0.82205,25.0,0.3150000000000001,0.0625,0.0,0.003754166666666614,实验策略信号入场,"Will the price of Bitcoin be above $74,000 on May 24?"
1779525603,YES_NO_REV_SL25_CD60M,2285040,price_range_daily,SELL_YES,YES,0.6125,18.121949318776235,0.50526313788699,0.0,-7.255550681223767,0.0,触发实验止损,"Will the price of Bitcoin be above $74,000 on May 24?"
1779525603,YES_NO_REV_SL25_CD60M,2285040,price_range_daily,BUY_NO,NO,0.3884687499999999,25.0,1.0718750000000004,0.0625,0.0,0.017989583333333274,YES 止损后反转尝试买 NO,"Will the price of Bitcoin be above $74,000 on May 24?"
1779526503,YES_NO_REV_SL25_CD60M,2285040,price_range_daily,SELL_NO,NO,0.29100000000000004,17.797935483870972,0.9294396267396029,0.0,-8.336439516129026,0.0,触发实验止损,"Will the price of Bitcoin be above $74,000 on May 24?"
1779530103,YES_NO_REV_SL25_CD60M,2285040,price_range_daily,BUY_NO,NO,0.25513624999999995,25.0,1.3046250000000001,0.0625,0.0,0.0816483333333333,实验策略信号入场,"Will the price of Bitcoin be above $74,000 on May 24?"
1779541504,YES_NO_REV_SL25_CD60M,2285040,price_range_daily,SELL_NO,NO,0.15849999999999997,14.616068620198032,0.9148486837915037,0.0,-11.75105637980197,0.0,触发实验止损,"Will the price of Bitcoin be above $74,000 on May 24?"
1779546304,YES_NO_REV_SL25_CD60M,2285040,price_range_daily,BUY_YES,YES,0.9117737499999999,25.0,0.15837500000000004,0.0625,0.0,0.004807361111111057,实验策略信号入场,"Will the price of Bitcoin be above $74,000 on May 24?"
1779645904,YES_NO_REV_SL25_CD60M,2285040,price_range_daily,MARK_TO_MARKET_EXIT,YES,0.9995,27.40441412960178,0.0009591880661182708,0.0,2.1835391296017796,0.0,回测结束平仓,"Will the price of Bitcoin be above $74,000 on May 24?"
1779141605,YES_NO_REV_SL15_CD60M,2285040,price_range_daily,BUY_YES,YES,0.82205,25.0,0.3150000000000001,0.0625,0.0,0.003754166666666614,实验策略信号入场,"Will the price of Bitcoin be above $74,000 on May 24?"
1779522903,YES_NO_REV_SL15_CD60M,2285040,price_range_daily,SELL_YES,YES,0.6655,19.76513951401983,0.4738970409342499,0.0,-5.612360485980172,0.0,触发实验止损,"Will the price of Bitcoin be above $74,000 on May 24?"
1779525004,YES_NO_REV_SL15_CD60M,2285040,price_range_daily,BUY_NO,NO,0.31227875,25.0,1.2048750000000001,0.0625,0.0,0.001527222222222173,实验策略信号入场,"Will the price of Bitcoin be above $74,000 on May 24?"
1779528723,YES_NO_REV_SL15_CD60M,2285040,price_range_daily,SELL_NO,NO,0.26249999999999996,19.929985429684216,1.0848931043178571,0.0,-6.337389570315786,0.0,触发实验止损,"Will the price of Bitcoin be above $74,000 on May 24?"
1779532503,YES_NO_REV_SL15_CD60M,2285040,price_range_daily,BUY_NO,NO,0.23458499999999996,25.0,1.3405000000000002,0.0625,0.0,0.055873055555555495,实验策略信号入场,"Will the price of Bitcoin be above $74,000 on May 24?"
1779541504,YES_NO_REV_SL15_CD60M,2285040,price_range_daily,SELL_NO,NO,0.15849999999999997,15.896536170258116,0.9949956838672551,0.0,-10.506463829741882,0.0,触发实验止损,"Will the price of Bitcoin be above $74,000 on May 24?"
1779546304,YES_NO_REV_SL15_CD60M,2285040,price_range_daily,BUY_YES,YES,0.9117737499999999,25.0,0.15837500000000004,0.0625,0.0,0.004807361111111057,实验策略信号入场,"Will the price of Bitcoin be above $74,000 on May 24?"
1779645904,YES_NO_REV_SL15_CD60M,2285040,price_range_daily,MARK_TO_MARKET_EXIT,YES,0.9995,27.40441412960178,0.0009591880661182708,0.0,2.1835391296017796,0.0,回测结束平仓,"Will the price of Bitcoin be above $74,000 on May 24?"
1779141605,YES_NO_REV_SL12_CD60M,2285040,price_range_daily,BUY_YES,YES,0.82205,25.0,0.3150000000000001,0.0625,0.0,0.003754166666666614,实验策略信号入场,"Will the price of Bitcoin be above $74,000 on May 24?"
1779522903,YES_NO_REV_SL12_CD60M,2285040,price_range_daily,SELL_YES,YES,0.6655,19.76513951401983,0.4738970409342499,0.0,-5.612360485980172,0.0,触发实验止损,"Will the price of Bitcoin be above $74,000 on May 24?"
1779525004,YES_NO_REV_SL12_CD60M,2285040,price_range_daily,BUY_NO,NO,0.31227875,25.0,1.2048750000000001,0.0625,0.0,0.001527222222222173,实验策略信号入场,"Will the price of Bitcoin be above $74,000 on May 24?"
1779528316,YES_NO_REV_SL12_CD60M,2285040,price_range_daily,SELL_NO,NO,0.27449999999999997,20.859529947202617,1.1160287483538345,0.0,-5.407845052797384,0.0,触发实验止损,"Will the price of Bitcoin be above $74,000 on May 24?"
1779532218,YES_NO_REV_SL12_CD60M,2285040,price_range_daily,BUY_NO,NO,0.25513624999999995,25.0,1.3046250000000001,0.0625,0.0,0.059599722222222186,实验策略信号入场,"Will the price of Bitcoin be above $74,000 on May 24?"
1779535205,YES_NO_REV_SL12_CD60M,2285040,price_range_daily,SELL_NO,NO,0.21699999999999997,20.097715436359987,1.1654331754111775,0.0,-6.269409563640014,0.0,触发实验止损,"Will the price of Bitcoin be above $74,000 on May 24?"
1779546304,YES_NO_REV_SL12_CD60M,2285040,price_range_daily,BUY_YES,YES,0.9117737499999999,25.0,0.15837500000000004,0.0625,0.0,0.004807361111111057,实验策略信号入场,"Will the price of Bitcoin be above $74,000 on May 24?"
1779645904,YES_NO_REV_SL12_CD60M,2285040,price_range_daily,MARK_TO_MARKET_EXIT,YES,0.9995,27.40441412960178,0.0009591880661182708,0.0,2.1835391296017796,0.0,回测结束平仓,"Will the price of Bitcoin be above $74,000 on May 24?"
1779164404,YES_ONLY_SL25,2293506,price_range_daily,BUY_YES,YES,0.95839,25.0,0.07700000000000007,0.0625,0.0,0.005281111111111101,实验策略信号入场,"Will the price of Bitcoin be above $70,000 on May 25?"
1779735303,YES_ONLY_SL25,2293506,price_range_daily,MARK_TO_MARKET_EXIT,YES,0.9995,26.07145883982513,0.0009125329980487108,0.0,0.9319588398251284,0.0,回测结束平仓,"Will the price of Bitcoin be above $70,000 on May 25?"
1779164404,YES_NO_SL25,2293506,price_range_daily,BUY_YES,YES,0.95839,25.0,0.07700000000000007,0.0625,0.0,0.005281111111111101,实验策略信号入场,"Will the price of Bitcoin be above $70,000 on May 25?"
1779735303,YES_NO_SL25,2293506,price_range_daily,MARK_TO_MARKET_EXIT,YES,0.9995,26.07145883982513,0.0009125329980487108,0.0,0.9319588398251284,0.0,回测结束平仓,"Will the price of Bitcoin be above $70,000 on May 25?"
1779164404,YES_NO_REV_SL25_CD60M,2293506,price_range_daily,BUY_YES,YES,0.95839,25.0,0.07700000000000007,0.0625,0.0,0.005281111111111101,实验策略信号入场,"Will the price of Bitcoin be above $70,000 on May 25?"
1779735303,YES_NO_REV_SL25_CD60M,2293506,price_range_daily,MARK_TO_MARKET_EXIT,YES,0.9995,26.07145883982513,0.0009125329980487108,0.0,0.9319588398251284,0.0,回测结束平仓,"Will the price of Bitcoin be above $70,000 on May 25?"
1779164404,YES_NO_REV_SL15_CD60M,2293506,price_range_daily,BUY_YES,YES,0.95839,25.0,0.07700000000000007,0.0625,0.0,0.005281111111111101,实验策略信号入场,"Will the price of Bitcoin be above $70,000 on May 25?"
1779735303,YES_NO_REV_SL15_CD60M,2293506,price_range_daily,MARK_TO_MARKET_EXIT,YES,0.9995,26.07145883982513,0.0009125329980487108,0.0,0.9319588398251284,0.0,回测结束平仓,"Will the price of Bitcoin be above $70,000 on May 25?"
1779164404,YES_NO_REV_SL12_CD60M,2293506,price_range_daily,BUY_YES,YES,0.95839,25.0,0.07700000000000007,0.0625,0.0,0.005281111111111101,实验策略信号入场,"Will the price of Bitcoin be above $70,000 on May 25?"
1779735303,YES_NO_REV_SL12_CD60M,2293506,price_range_daily,MARK_TO_MARKET_EXIT,YES,0.9995,26.07145883982513,0.0009125329980487108,0.0,0.9319588398251284,0.0,回测结束平仓,"Will the price of Bitcoin be above $70,000 on May 25?"
1779266404,YES_ONLY_SL25,2285045,price_range_daily,BUY_YES,YES,0.44611249999999997,25.0,0.9712500000000001,0.0625,0.0,0.0023999999999999577,实验策略信号入场,"Will the price of Bitcoin be above $78,000 on May 24?"
1779370822,YES_ONLY_SL25,2285045,price_range_daily,SELL_YES,YES,0.29,15.443806214800079,0.8076998514948583,0.0,-10.589943785199923,0.0,触发实验止损,"Will the price of Bitcoin be above $78,000 on May 24?"
1779400503,YES_ONLY_SL25,2285045,price_range_daily,BUY_YES,YES,0.44611249999999997,25.0,0.9712500000000001,0.0625,0.0,0.002851388888888917,实验策略信号入场,"Will the price of Bitcoin be above $78,000 on May 24?"
1779439206,YES_ONLY_SL25,2285045,price_range_daily,SELL_YES,YES,0.3,15.988119588668779,0.8237832385328814,0.0,-10.045630411331222,0.0,触发实验止损,"Will the price of Bitcoin be above $78,000 on May 24?"
1779573603,YES_ONLY_SL25,2285045,price_range_daily,BUY_YES,YES,0.13784375000000001,25.0,1.5093750000000004,0.0625,0.0,0.00249305555555554,实验策略信号入场,"Will the price of Bitcoin be above $78,000 on May 24?"
1779575103,YES_ONLY_SL25,2285045,price_range_daily,SELL_YES,YES,0.1005,17.079486284289274,1.1476730900022671,0.0,-9.492388715710725,0.0,触发实验止损,"Will the price of Bitcoin be above $78,000 on May 24?"
1779575403,YES_ONLY_SL25,2285045,price_range_daily,BUY_YES,YES,0.09072625,25.0,1.591625,0.0625,0.0,0.015734305555555536,实验策略信号入场,"Will the price of Bitcoin be above $78,000 on May 24?"
1779594303,YES_ONLY_SL25,2285045,price_range_daily,SELL_YES,YES,0.0585,15.057537785370828,1.0623834061255704,0.0,-11.596587214629173,0.0,触发实验止损,"Will the price of Bitcoin be above $78,000 on May 24?"
1779120306,YES_NO_SL25,2285045,price_range_daily,BUY_NO,NO,0.6716749999999999,25.0,0.5775000000000001,0.0625,0.0,0.0038791666666666107,实验策略信号入场,"Will the price of Bitcoin be above $78,000 on May 24?"
1779324607,YES_NO_SL25,2285045,price_range_daily,SELL_NO,NO,0.5,17.958834257639488,0.6513566829195669,0.0,-7.681165742360513,0.0,触发实验止损,"Will the price of Bitcoin be above $78,000 on May 24?"
1779331506,YES_NO_SL25,2285045,price_range_daily,BUY_YES,YES,0.5263125,25.0,0.83125,0.0625,0.0,0.0028263888888888714,实验策略信号入场,"Will the price of Bitcoin be above $78,000 on May 24?"
1779359407,YES_NO_SL25,2285045,price_range_daily,SELL_YES,YES,0.39,17.734093338083365,0.7910224438902744,0.0,-8.159656661916635,0.0,触发实验止损,"Will the price of Bitcoin be above $78,000 on May 24?"
1779363003,YES_NO_SL25,2285045,price_range_daily,BUY_NO,NO,0.631575,25.0,0.6475000000000001,0.0625,0.0,0.00371805555555553,实验策略信号入场,"Will the price of Bitcoin be above $78,000 on May 24?"
1779463503,YES_NO_SL25,2285045,price_range_daily,SELL_NO,NO,0.875,34.33257134940427,0.30306178996952066,0.0,8.622571349404268,0.0,触发实验止盈,"Will the price of Bitcoin be above $78,000 on May 24?"
1779463804,YES_NO_SL25,2285045,price_range_daily,BUY_NO,NO,0.8370874999999999,25.0,0.28875000000000006,0.0625,0.0,0.05511666666666668,实验策略信号入场,"Will the price of Bitcoin be above $78,000 on May 24?"
1779657603,YES_NO_SL25,2285045,price_range_daily,MARK_TO_MARKET_EXIT,NO,0.9995,29.849478623799786,0.0010447683187240328,0.0,4.498228623799786,0.0,回测结束平仓,"Will the price of Bitcoin be above $78,000 on May 24?"
1779120306,YES_NO_REV_SL25_CD60M,2285045,price_range_daily,BUY_NO,NO,0.6716749999999999,25.0,0.5775000000000001,0.0625,0.0,0.0038791666666666107,实验策略信号入场,"Will the price of Bitcoin be above $78,000 on May 24?"
1779324607,YES_NO_REV_SL25_CD60M,2285045,price_range_daily,SELL_NO,NO,0.5,17.958834257639488,0.6513566829195669,0.0,-7.681165742360513,0.0,触发实验止损,"Will the price of Bitcoin be above $78,000 on May 24?"
1779331506,YES_NO_REV_SL25_CD60M,2285045,price_range_daily,BUY_YES,YES,0.5263125,25.0,0.83125,0.0625,0.0,0.0028263888888888714,实验策略信号入场,"Will the price of Bitcoin be above $78,000 on May 24?"
1779359407,YES_NO_REV_SL25_CD60M,2285045,price_range_daily,SELL_YES,YES,0.39,17.734093338083365,0.7910224438902744,0.0,-8.159656661916635,0.0,触发实验止损,"Will the price of Bitcoin be above $78,000 on May 24?"
1779363003,YES_NO_REV_SL25_CD60M,2285045,price_range_daily,BUY_NO,NO,0.631575,25.0,0.6475000000000001,0.0625,0.0,0.00371805555555553,实验策略信号入场,"Will the price of Bitcoin be above $78,000 on May 24?"
1779463503,YES_NO_REV_SL25_CD60M,2285045,price_range_daily,SELL_NO,NO,0.875,34.33257134940427,0.30306178996952066,0.0,8.622571349404268,0.0,触发实验止盈,"Will the price of Bitcoin be above $78,000 on May 24?"
1779463804,YES_NO_REV_SL25_CD60M,2285045,price_range_daily,BUY_NO,NO,0.8370874999999999,25.0,0.28875000000000006,0.0625,0.0,0.05511666666666668,实验策略信号入场,"Will the price of Bitcoin be above $78,000 on May 24?"
1779657603,YES_NO_REV_SL25_CD60M,2285045,price_range_daily,MARK_TO_MARKET_EXIT,NO,0.9995,29.849478623799786,0.0010447683187240328,0.0,4.498228623799786,0.0,回测结束平仓,"Will the price of Bitcoin be above $78,000 on May 24?"
1779120306,YES_NO_REV_SL15_CD60M,2285045,price_range_daily,BUY_NO,NO,0.6716749999999999,25.0,0.5775000000000001,0.0625,0.0,0.0038791666666666107,实验策略信号入场,"Will the price of Bitcoin be above $78,000 on May 24?"
1779259806,YES_NO_REV_SL15_CD60M,2285045,price_range_daily,SELL_NO,NO,0.5700000000000001,20.577027580302982,0.6385900919343435,0.0,-5.062972419697019,0.0,触发实验止损,"Will the price of Bitcoin be above $78,000 on May 24?"
1779266404,YES_NO_REV_SL15_CD60M,2285045,price_range_daily,BUY_YES,YES,0.44611249999999997,25.0,0.9712500000000001,0.0625,0.0,0.0023999999999999577,实验策略信号入场,"Will the price of Bitcoin be above $78,000 on May 24?"
1779284418,YES_NO_REV_SL15_CD60M,2285045,price_range_daily,SELL_YES,YES,0.36,19.27047549665163,0.9038078959903614,0.0,-6.76327450334837,0.0,触发实验止损,"Will the price of Bitcoin be above $78,000 on May 24?"
1779331506,YES_NO_REV_SL15_CD60M,2285045,price_range_daily,BUY_YES,YES,0.5263125,25.0,0.83125,0.0625,0.0,0.0028263888888888714,实验策略信号入场,"Will the price of Bitcoin be above $78,000 on May 24?"
1779346205,YES_NO_REV_SL15_CD60M,2285045,price_range_daily,SELL_YES,YES,0.435,19.845422158888496,0.8172069825436411,0.0,-6.0483278411115045,0.0,触发实验止损,"Will the price of Bitcoin be above $78,000 on May 24?"
1779363003,YES_NO_REV_SL15_CD60M,2285045,price_range_daily,BUY_NO,NO,0.631575,25.0,0.6475000000000001,0.0625,0.0,0.00371805555555553,实验策略信号入场,"Will the price of Bitcoin be above $78,000 on May 24?"
1779384006,YES_NO_REV_SL15_CD60M,2285045,price_range_daily,SELL_NO,NO,0.53,20.2890788900764,0.6902188972014409,0.0,-5.420921109923601,0.0,触发实验止损,"Will the price of Bitcoin be above $78,000 on May 24?"
1779400503,YES_NO_REV_SL15_CD60M,2285045,price_range_daily,BUY_YES,YES,0.44611249999999997,25.0,0.9712500000000001,0.0625,0.0,0.002851388888888917,实验策略信号入场,"Will the price of Bitcoin be above $78,000 on May 24?"
1779409207,YES_NO_REV_SL15_CD60M,2285045,price_range_daily,SELL_YES,YES,0.375,20.095477598139485,0.9194009358625909,0.0,-5.938272401860516,0.0,触发实验止损,"Will the price of Bitcoin be above $78,000 on May 24?"
1779436205,YES_NO_REV_SL15_CD60M,2285045,price_range_daily,BUY_NO,NO,0.651625,25.0,0.6125,0.0625,0.0,0.0018194444444444013,实验策略信号入场,"Will the price of Bitcoin be above $78,000 on May 24?"
1779463503,YES_NO_REV_SL15_CD60M,2285045,price_range_daily,SELL_NO,NO,0.875,33.27618453865336,0.2937368118166123,0.0,7.60118453865336,0.0,触发实验止盈,"Will the price of Bitcoin be above $78,000 on May 24?"
1779463804,YES_NO_REV_SL15_CD60M,2285045,price_range_daily,BUY_NO,NO,0.8370874999999999,25.0,0.28875000000000006,0.0625,0.0,0.05511666666666668,实验策略信号入场,"Will the price of Bitcoin be above $78,000 on May 24?"
1779657603,YES_NO_REV_SL15_CD60M,2285045,price_range_daily,MARK_TO_MARKET_EXIT,NO,0.9995,29.849478623799786,0.0010447683187240328,0.0,4.498228623799786,0.0,回测结束平仓,"Will the price of Bitcoin be above $78,000 on May 24?"
1779120306,YES_NO_REV_SL12_CD60M,2285045,price_range_daily,BUY_NO,NO,0.6716749999999999,25.0,0.5775000000000001,0.0625,0.0,0.0038791666666666107,实验策略信号入场,"Will the price of Bitcoin be above $78,000 on May 24?"
1779136203,YES_NO_REV_SL12_CD60M,2285045,price_range_daily,SELL_NO,NO,0.5900000000000001,21.329772583466713,0.6302527263929729,0.0,-4.310227416533287,0.0,触发实验止损,"Will the price of Bitcoin be above $78,000 on May 24?"
1779207004,YES_NO_REV_SL12_CD60M,2285045,price_range_daily,BUY_NO,NO,0.6867125000000001,25.0,0.5512499999999999,0.0625,0.0,0.0035402777777777915,实验策略信号入场,"Will the price of Bitcoin be above $78,000 on May 24?"
1779255306,YES_NO_REV_SL12_CD60M,2285045,price_range_daily,SELL_NO,NO,0.595,21.047081202104224,0.614094326228225,0.0,-4.566668797895776,0.0,触发实验止损,"Will the price of Bitcoin be above $78,000 on May 24?"
1779266404,YES_NO_REV_SL12_CD60M,2285045,price_range_daily,BUY_YES,YES,0.44611249999999997,25.0,0.9712500000000001,0.0625,0.0,0.0023999999999999577,实验策略信号入场,"Will the price of Bitcoin be above $78,000 on May 24?"
1779284418,YES_NO_REV_SL12_CD60M,2285045,price_range_daily,SELL_YES,YES,0.36,19.27047549665163,0.9038078959903614,0.0,-6.76327450334837,0.0,触发实验止损,"Will the price of Bitcoin be above $78,000 on May 24?"
1779331506,YES_NO_REV_SL12_CD60M,2285045,price_range_daily,BUY_YES,YES,0.5263125,25.0,0.83125,0.0625,0.0,0.0028263888888888714,实验策略信号入场,"Will the price of Bitcoin be above $78,000 on May 24?"
1779345905,YES_NO_REV_SL12_CD60M,2285045,price_range_daily,SELL_YES,YES,0.45,20.55219095119345,0.8229426433915215,0.0,-5.341559048806552,0.0,触发实验止损,"Will the price of Bitcoin be above $78,000 on May 24?"
1779363003,YES_NO_REV_SL12_CD60M,2285045,price_range_daily,BUY_NO,NO,0.631575,25.0,0.6475000000000001,0.0625,0.0,0.00371805555555553,实验策略信号入场,"Will the price of Bitcoin be above $78,000 on May 24?"
1779384006,YES_NO_REV_SL12_CD60M,2285045,price_range_daily,SELL_NO,NO,0.53,20.2890788900764,0.6902188972014409,0.0,-5.420921109923601,0.0,触发实验止损,"Will the price of Bitcoin be above $78,000 on May 24?"
1779400503,YES_NO_REV_SL12_CD60M,2285045,price_range_daily,BUY_YES,YES,0.44611249999999997,25.0,0.9712500000000001,0.0625,0.0,0.002851388888888917,实验策略信号入场,"Will the price of Bitcoin be above $78,000 on May 24?"
1779409207,YES_NO_REV_SL12_CD60M,2285045,price_range_daily,SELL_YES,YES,0.375,20.095477598139485,0.9194009358625909,0.0,-5.938272401860516,0.0,触发实验止损,"Will the price of Bitcoin be above $78,000 on May 24?"
1779436205,YES_NO_REV_SL12_CD60M,2285045,price_range_daily,BUY_NO,NO,0.651625,25.0,0.6125,0.0625,0.0,0.0018194444444444013,实验策略信号入场,"Will the price of Bitcoin be above $78,000 on May 24?"
1779459904,YES_NO_REV_SL12_CD60M,2285045,price_range_daily,SELL_NO,NO,0.825,31.263907538845192,0.38773259159792833,0.0,5.588907538845191,0.0,触发实验止盈,"Will the price of Bitcoin be above $78,000 on May 24?"
1779460204,YES_NO_REV_SL12_CD60M,2285045,price_range_daily,BUY_NO,NO,0.8170374999999999,25.0,0.32375000000000015,0.0625,0.0,0.028334722222222237,实验策略信号入场,"Will the price of Bitcoin be above $78,000 on May 24?"
1779657603,YES_NO_REV_SL12_CD60M,2285045,price_range_daily,MARK_TO_MARKET_EXIT,NO,0.9995,30.58198116671512,0.001070406805073089,0.0,5.19573116671512,0.0,回测结束平仓,"Will the price of Bitcoin be above $78,000 on May 24?"
1778918408,YES_NO_SL25,2269349,price_range_daily,BUY_NO,NO,0.8521249999999999,25.0,0.26250000000000007,0.0625,0.0,0.0029722222222221956,实验策略信号入场,"Will the price of Bitcoin be above $82,000 on May 22?"
1779476407,YES_NO_SL25,2269349,price_range_daily,MARK_TO_MARKET_EXIT,NO,0.9995,29.32272311867391,0.00102633123074655,0.0,3.9977231186739104,0.0,回测结束平仓,"Will the price of Bitcoin be above $82,000 on May 22?"
1778918408,YES_NO_REV_SL25_CD60M,2269349,price_range_daily,BUY_NO,NO,0.8521249999999999,25.0,0.26250000000000007,0.0625,0.0,0.0029722222222221956,实验策略信号入场,"Will the price of Bitcoin be above $82,000 on May 22?"
1779476407,YES_NO_REV_SL25_CD60M,2269349,price_range_daily,MARK_TO_MARKET_EXIT,NO,0.9995,29.32272311867391,0.00102633123074655,0.0,3.9977231186739104,0.0,回测结束平仓,"Will the price of Bitcoin be above $82,000 on May 22?"
1778918408,YES_NO_REV_SL15_CD60M,2269349,price_range_daily,BUY_NO,NO,0.8521249999999999,25.0,0.26250000000000007,0.0625,0.0,0.0029722222222221956,实验策略信号入场,"Will the price of Bitcoin be above $82,000 on May 22?"
1779476407,YES_NO_REV_SL15_CD60M,2269349,price_range_daily,MARK_TO_MARKET_EXIT,NO,0.9995,29.32272311867391,0.00102633123074655,0.0,3.9977231186739104,0.0,回测结束平仓,"Will the price of Bitcoin be above $82,000 on May 22?"
1778918408,YES_NO_REV_SL12_CD60M,2269349,price_range_daily,BUY_NO,NO,0.8521249999999999,25.0,0.26250000000000007,0.0625,0.0,0.0029722222222221956,实验策略信号入场,"Will the price of Bitcoin be above $82,000 on May 22?"
1779476407,YES_NO_REV_SL12_CD60M,2269349,price_range_daily,MARK_TO_MARKET_EXIT,NO,0.9995,29.32272311867391,0.00102633123074655,0.0,3.9977231186739104,0.0,回测结束平仓,"Will the price of Bitcoin be above $82,000 on May 22?"
1779150606,YES_ONLY_SL25,2285043,price_range_daily,BUY_YES,YES,0.6766875,25.0,0.56875,0.0625,0.0,0.0017986111111111258,实验策略信号入场,"Will the price of Bitcoin be above $76,000 on May 24?"
1779423007,YES_ONLY_SL25,2285043,price_range_daily,SELL_YES,YES,0.915,33.603241895261846,0.2011360487669714,0.0,7.971991895261844,0.0,触发实验止盈,"Will the price of Bitcoin be above $76,000 on May 24?"
1779423307,YES_ONLY_SL25,2285043,price_range_daily,BUY_YES,YES,0.9172875,25.0,0.14874999999999994,0.0625,0.0,0.012661111111111088,实验策略信号入场,"Will the price of Bitcoin be above $76,000 on May 24?"
1779475804,YES_ONLY_SL25,2285043,price_range_daily,SELL_YES,YES,0.655,17.420431162530832,0.4311148358611668,0.0,-7.790818837469168,0.0,触发实验止损,"Will the price of Bitcoin be above $76,000 on May 24?"
1779551103,YES_ONLY_SL25,2285043,price_range_daily,BUY_YES,YES,0.3057625,25.0,1.21625,0.0625,0.0,0.004336111111111124,实验策略信号入场,"Will the price of Bitcoin be above $76,000 on May 24?"
1779560644,YES_ONLY_SL25,2285043,price_range_daily,SELL_YES,YES,0.445,34.9709128817301,1.4135358325497733,0.0,8.692162881730102,0.0,触发实验止盈,"Will the price of Bitcoin be above $76,000 on May 24?"
1779560716,YES_ONLY_SL25,2285043,price_range_daily,BUY_YES,YES,0.43608749999999996,25.0,0.98875,0.0625,0.0,0.06336666666666665,实验策略信号入场,"Will the price of Bitcoin be above $76,000 on May 24?"
1779568443,YES_ONLY_SL25,2285043,price_range_daily,SELL_YES,YES,0.615,34.30651818729039,0.9501676842376817,0.0,8.255268187290394,0.0,触发实验止盈,"Will the price of Bitcoin be above $76,000 on May 24?"
1779568503,YES_ONLY_SL25,2285043,price_range_daily,BUY_YES,YES,0.6265624999999999,25.0,0.6562500000000001,0.0625,0.0,0.14847222222222223,实验策略信号入场,"Will the price of Bitcoin be above $76,000 on May 24?"
1779570004,YES_ONLY_SL25,2285043,price_range_daily,SELL_YES,YES,0.885,35.02746134663342,0.2842593516209477,0.0,9.308711346633423,0.0,触发实验止盈,"Will the price of Bitcoin be above $76,000 on May 24?"
1779570184,YES_ONLY_SL25,2285043,price_range_daily,BUY_YES,YES,0.8771875,25.0,0.21875000000000003,0.0625,0.0,0.20989583333333334,实验策略信号入场,"Will the price of Bitcoin be above $76,000 on May 24?"
1779645904,YES_ONLY_SL25,2285043,price_range_daily,MARK_TO_MARKET_EXIT,YES,0.9995,28.484931029568937,0.0009970074812966484,0.0,3.203681029568937,0.0,回测结束平仓,"Will the price of Bitcoin be above $76,000 on May 24?"
1779123306,YES_NO_SL25,2285043,price_range_daily,BUY_NO,NO,0.4360875,25.0,0.98875,0.0625,0.0,0.0015263888888888202,实验策略信号入场,"Will the price of Bitcoin be above $76,000 on May 24?"
1779150303,YES_NO_SL25,2285043,price_range_daily,SELL_NO,NO,0.32499999999999996,17.75123971679995,0.8803422478287041,0.0,-8.300010283200049,0.0,触发实验止损,"Will the price of Bitcoin be above $76,000 on May 24?"
1779150606,YES_NO_SL25,2285043,price_range_daily,BUY_YES,YES,0.6766875,25.0,0.56875,0.0625,0.0,0.0017986111111111258,实验策略信号入场,"Will the price of Bitcoin be above $76,000 on May 24?"
1779423007,YES_NO_SL25,2285043,price_range_daily,SELL_YES,YES,0.915,33.603241895261846,0.2011360487669714,0.0,7.971991895261844,0.0,触发实验止盈,"Will the price of Bitcoin be above $76,000 on May 24?"
1779423307,YES_NO_SL25,2285043,price_range_daily,BUY_YES,YES,0.9172875,25.0,0.14874999999999994,0.0625,0.0,0.012661111111111088,实验策略信号入场,"Will the price of Bitcoin be above $76,000 on May 24?"
1779475804,YES_NO_SL25,2285043,price_range_daily,SELL_YES,YES,0.655,17.420431162530832,0.4311148358611668,0.0,-7.790818837469168,0.0,触发实验止损,"Will the price of Bitcoin be above $76,000 on May 24?"
1779478505,YES_NO_SL25,2285043,price_range_daily,BUY_NO,NO,0.5563874999999999,25.0,0.7787500000000002,0.0625,0.0,0.019127777777777813,实验策略信号入场,"Will the price of Bitcoin be above $76,000 on May 24?"
1779521703,YES_NO_SL25,2285043,price_range_daily,SELL_NO,NO,0.775,34.274392846712054,0.5484599312529488,0.0,8.433142846712055,0.0,触发实验止盈,"Will the price of Bitcoin be above $76,000 on May 24?"
1779521835,YES_NO_SL25,2285043,price_range_daily,BUY_NO,NO,0.7468625,25.0,0.44625000000000004,0.0625,0.0,0.04339999999999998,实验策略信号入场,"Will the price of Bitcoin be above $76,000 on May 24?"
1779560644,YES_NO_SL25,2285043,price_range_daily,SELL_NO,NO,0.5549999999999999,17.999020904115547,0.5786958777552763,0.0,-7.5097290958844525,0.0,触发实验止损,"Will the price of Bitcoin be above $76,000 on May 24?"
1779560716,YES_NO_SL25,2285043,price_range_daily,BUY_YES,YES,0.43608749999999996,25.0,0.98875,0.0625,0.0,0.06336666666666665,实验策略信号入场,"Will the price of Bitcoin be above $76,000 on May 24?"
1779568443,YES_NO_SL25,2285043,price_range_daily,SELL_YES,YES,0.615,34.30651818729039,0.9501676842376817,0.0,8.255268187290394,0.0,触发实验止盈,"Will the price of Bitcoin be above $76,000 on May 24?"
1779568503,YES_NO_SL25,2285043,price_range_daily,BUY_YES,YES,0.6265624999999999,25.0,0.6562500000000001,0.0625,0.0,0.14847222222222223,实验策略信号入场,"Will the price of Bitcoin be above $76,000 on May 24?"
1779570004,YES_NO_SL25,2285043,price_range_daily,SELL_YES,YES,0.885,35.02746134663342,0.2842593516209477,0.0,9.308711346633423,0.0,触发实验止盈,"Will the price of Bitcoin be above $76,000 on May 24?"
1779570184,YES_NO_SL25,2285043,price_range_daily,BUY_YES,YES,0.8771875,25.0,0.21875000000000003,0.0625,0.0,0.20989583333333334,实验策略信号入场,"Will the price of Bitcoin be above $76,000 on May 24?"
1779645904,YES_NO_SL25,2285043,price_range_daily,MARK_TO_MARKET_EXIT,YES,0.9995,28.484931029568937,0.0009970074812966484,0.0,3.203681029568937,0.0,回测结束平仓,"Will the price of Bitcoin be above $76,000 on May 24?"
1779123306,YES_NO_REV_SL25_CD60M,2285043,price_range_daily,BUY_NO,NO,0.4360875,25.0,0.98875,0.0625,0.0,0.0015263888888888202,实验策略信号入场,"Will the price of Bitcoin be above $76,000 on May 24?"
1779150303,YES_NO_REV_SL25_CD60M,2285043,price_range_daily,SELL_NO,NO,0.32499999999999996,17.75123971679995,0.8803422478287041,0.0,-8.300010283200049,0.0,触发实验止损,"Will the price of Bitcoin be above $76,000 on May 24?"
1779150606,YES_NO_REV_SL25_CD60M,2285043,price_range_daily,BUY_YES,YES,0.6766875,25.0,0.56875,0.0625,0.0,0.0017986111111111258,实验策略信号入场,"Will the price of Bitcoin be above $76,000 on May 24?"
1779423007,YES_NO_REV_SL25_CD60M,2285043,price_range_daily,SELL_YES,YES,0.915,33.603241895261846,0.2011360487669714,0.0,7.971991895261844,0.0,触发实验止盈,"Will the price of Bitcoin be above $76,000 on May 24?"
1779423307,YES_NO_REV_SL25_CD60M,2285043,price_range_daily,BUY_YES,YES,0.9172875,25.0,0.14874999999999994,0.0625,0.0,0.012661111111111088,实验策略信号入场,"Will the price of Bitcoin be above $76,000 on May 24?"
1779475804,YES_NO_REV_SL25_CD60M,2285043,price_range_daily,SELL_YES,YES,0.655,17.420431162530832,0.4311148358611668,0.0,-7.790818837469168,0.0,触发实验止损,"Will the price of Bitcoin be above $76,000 on May 24?"
1779478505,YES_NO_REV_SL25_CD60M,2285043,price_range_daily,BUY_NO,NO,0.5563874999999999,25.0,0.7787500000000002,0.0625,0.0,0.019127777777777813,实验策略信号入场,"Will the price of Bitcoin be above $76,000 on May 24?"
1779521703,YES_NO_REV_SL25_CD60M,2285043,price_range_daily,SELL_NO,NO,0.775,34.274392846712054,0.5484599312529488,0.0,8.433142846712055,0.0,触发实验止盈,"Will the price of Bitcoin be above $76,000 on May 24?"
1779521835,YES_NO_REV_SL25_CD60M,2285043,price_range_daily,BUY_NO,NO,0.7468625,25.0,0.44625000000000004,0.0625,0.0,0.04339999999999998,实验策略信号入场,"Will the price of Bitcoin be above $76,000 on May 24?"
1779560644,YES_NO_REV_SL25_CD60M,2285043,price_range_daily,SELL_NO,NO,0.5549999999999999,17.999020904115547,0.5786958777552763,0.0,-7.5097290958844525,0.0,触发实验止损,"Will the price of Bitcoin be above $76,000 on May 24?"
1779560644,YES_NO_REV_SL25_CD60M,2285043,price_range_daily,BUY_YES,YES,0.44611249999999997,25.0,0.9712500000000001,0.0625,0.0,0.06427499999999997,NO 止损后反转尝试买 YES,"Will the price of Bitcoin be above $76,000 on May 24?"
1779568443,YES_NO_REV_SL25_CD60M,2285043,price_range_daily,SELL_YES,YES,0.615,33.53558519431758,0.9288156014458238,0.0,7.501835194317575,0.0,触发实验止盈,"Will the price of Bitcoin be above $76,000 on May 24?"
1779568503,YES_NO_REV_SL25_CD60M,2285043,price_range_daily,BUY_YES,YES,0.6265624999999999,25.0,0.6562500000000001,0.0625,0.0,0.14847222222222223,实验策略信号入场,"Will the price of Bitcoin be above $76,000 on May 24?"
1779570004,YES_NO_REV_SL25_CD60M,2285043,price_range_daily,SELL_YES,YES,0.885,35.02746134663342,0.2842593516209477,0.0,9.308711346633423,0.0,触发实验止盈,"Will the price of Bitcoin be above $76,000 on May 24?"
1779570184,YES_NO_REV_SL25_CD60M,2285043,price_range_daily,BUY_YES,YES,0.8771875,25.0,0.21875000000000003,0.0625,0.0,0.20989583333333334,实验策略信号入场,"Will the price of Bitcoin be above $76,000 on May 24?"
1779645904,YES_NO_REV_SL25_CD60M,2285043,price_range_daily,MARK_TO_MARKET_EXIT,YES,0.9995,28.484931029568937,0.0009970074812966484,0.0,3.203681029568937,0.0,回测结束平仓,"Will the price of Bitcoin be above $76,000 on May 24?"
1779123306,YES_NO_REV_SL15_CD60M,2285043,price_range_daily,BUY_NO,NO,0.4360875,25.0,0.98875,0.0625,0.0,0.0015263888888888202,实验策略信号入场,"Will the price of Bitcoin be above $76,000 on May 24?"
1779135304,YES_NO_REV_SL15_CD60M,2285043,price_range_daily,SELL_NO,NO,0.365,19.994596841230255,0.9301029036603893,0.0,-6.056653158769745,0.0,触发实验止损,"Will the price of Bitcoin be above $76,000 on May 24?"
1779150606,YES_NO_REV_SL15_CD60M,2285043,price_range_daily,BUY_YES,YES,0.6766875,25.0,0.56875,0.0625,0.0,0.0017986111111111258,实验策略信号入场,"Will the price of Bitcoin be above $76,000 on May 24?"
1779200405,YES_NO_REV_SL15_CD60M,2285043,price_range_daily,SELL_YES,YES,0.575,20.611203472799478,0.631984852683107,0.0,-5.020046527200524,0.0,触发实验止损,"Will the price of Bitcoin be above $76,000 on May 24?"
1779260103,YES_NO_REV_SL15_CD60M,2285043,price_range_daily,BUY_YES,YES,0.7167874999999999,25.0,0.4987500000000001,0.0625,0.0,0.0025499999999999134,实验策略信号入场,"Will the price of Bitcoin be above $76,000 on May 24?"
1779477003,YES_NO_REV_SL15_CD60M,2285043,price_range_daily,SELL_YES,YES,0.585,19.8108138744049,0.5927227386080256,0.0,-5.750436125595101,0.0,触发实验止损,"Will the price of Bitcoin be above $76,000 on May 24?"
1779478505,YES_NO_REV_SL15_CD60M,2285043,price_range_daily,BUY_NO,NO,0.5563874999999999,25.0,0.7787500000000002,0.0625,0.0,0.019127777777777813,实验策略信号入场,"Will the price of Bitcoin be above $76,000 on May 24?"
1779483303,YES_NO_REV_SL15_CD60M,2285043,price_range_daily,SELL_NO,NO,0.47,20.334883511940873,0.7834917211475818,0.0,-5.506366488059125,0.0,触发实验止损,"Will the price of Bitcoin be above $76,000 on May 24?"
1779486903,YES_NO_REV_SL15_CD60M,2285043,price_range_daily,BUY_NO,NO,0.48621249999999994,25.0,0.9012500000000001,0.0625,0.0,0.1910680555555556,实验策略信号入场,"Will the price of Bitcoin be above $76,000 on May 24?"
1779493804,YES_NO_REV_SL15_CD60M,2285043,price_range_daily,SELL_NO,NO,0.655,32.86534951281591,0.8133403604391087,0.0,6.90159951281591,0.0,触发实验止盈,"Will the price of Bitcoin be above $76,000 on May 24?"
1779494104,YES_NO_REV_SL15_CD60M,2285043,price_range_daily,BUY_NO,NO,0.6466125,25.0,0.62125,0.0625,0.0,0.19386527777777784,实验策略信号入场,"Will the price of Bitcoin be above $76,000 on May 24?"
1779522903,YES_NO_REV_SL15_CD60M,2285043,price_range_daily,SELL_NO,NO,0.885,33.94133851417966,0.275445108159833,0.0,8.257588514179663,0.0,触发实验止盈,"Will the price of Bitcoin be above $76,000 on May 24?"
1779523084,YES_NO_REV_SL15_CD60M,2285043,price_range_daily,BUY_NO,NO,0.8872125,25.0,0.20124999999999998,0.0625,0.0,0.06188055555555556,实验策略信号入场,"Will the price of Bitcoin be above $76,000 on May 24?"
1779546903,YES_NO_REV_SL15_CD60M,2285043,price_range_daily,SELL_NO,NO,0.745,20.617995970525662,0.37471997971173765,0.0,-4.64575402947434,0.0,触发实验止损,"Will the price of Bitcoin be above $76,000 on May 24?"
1779551103,YES_NO_REV_SL15_CD60M,2285043,price_range_daily,BUY_YES,YES,0.3057625,25.0,1.21625,0.0625,0.0,0.004336111111111124,实验策略信号入场,"Will the price of Bitcoin be above $76,000 on May 24?"
1779560403,YES_NO_REV_SL15_CD60M,2285043,price_range_daily,SELL_YES,YES,0.405,31.73474101631168,1.379195453987981,0.0,5.455991016311682,0.0,触发实验止盈,"Will the price of Bitcoin be above $76,000 on May 24?"
1779560644,YES_NO_REV_SL15_CD60M,2285043,price_range_daily,BUY_YES,YES,0.44611249999999997,25.0,0.9712500000000001,0.0625,0.0,0.06427499999999997,实验策略信号入场,"Will the price of Bitcoin be above $76,000 on May 24?"
1779568443,YES_NO_REV_SL15_CD60M,2285043,price_range_daily,SELL_YES,YES,0.615,33.53558519431758,0.9288156014458238,0.0,7.501835194317575,0.0,触发实验止盈,"Will the price of Bitcoin be above $76,000 on May 24?"
1779568503,YES_NO_REV_SL15_CD60M,2285043,price_range_daily,BUY_YES,YES,0.6265624999999999,25.0,0.6562500000000001,0.0625,0.0,0.14847222222222223,实验策略信号入场,"Will the price of Bitcoin be above $76,000 on May 24?"
1779570004,YES_NO_REV_SL15_CD60M,2285043,price_range_daily,SELL_YES,YES,0.885,35.02746134663342,0.2842593516209477,0.0,9.308711346633423,0.0,触发实验止盈,"Will the price of Bitcoin be above $76,000 on May 24?"
1779570184,YES_NO_REV_SL15_CD60M,2285043,price_range_daily,BUY_YES,YES,0.8771875,25.0,0.21875000000000003,0.0625,0.0,0.20989583333333334,实验策略信号入场,"Will the price of Bitcoin be above $76,000 on May 24?"
1779571984,YES_NO_REV_SL15_CD60M,2285043,price_range_daily,SELL_YES,YES,0.735,20.559052369077303,0.3885785536159601,0.0,-4.722197630922697,0.0,触发实验止损,"Will the price of Bitcoin be above $76,000 on May 24?"
1779575703,YES_NO_REV_SL15_CD60M,2285043,price_range_daily,BUY_YES,YES,0.7268125,25.0,0.48125000000000007,0.0625,0.0,0.29363194444444446,实验策略信号入场,"Will the price of Bitcoin be above $76,000 on May 24?"
1779605703,YES_NO_REV_SL15_CD60M,2285043,price_range_daily,SELL_YES,YES,0.955,32.74543812881589,0.10347407343709702,0.0,7.201688128815892,0.0,触发实验止盈,"Will the price of Bitcoin be above $76,000 on May 24?"
1779606003,YES_NO_REV_SL15_CD60M,2285043,price_range_daily,BUY_YES,YES,0.9573875,25.0,0.07875000000000007,0.0625,0.0,0.04101666666666663,实验策略信号入场,"Will the price of Bitcoin be above $76,000 on May 24?"
1779632405,YES_NO_REV_SL15_CD60M,2285043,price_range_daily,SELL_YES,YES,0.76,19.512266454283143,0.3334073193978406,0.0,-5.628983545716856,0.0,触发实验止损,"Will the price of Bitcoin be above $76,000 on May 24?"
1779123306,YES_NO_REV_SL12_CD60M,2285043,price_range_daily,BUY_NO,NO,0.4360875,25.0,0.98875,0.0625,0.0,0.0015263888888888202,实验策略信号入场,"Will the price of Bitcoin be above $76,000 on May 24?"
1779133804,YES_NO_REV_SL12_CD60M,2285043,price_range_daily,SELL_NO,NO,0.38,20.839166451686875,0.945452460802018,0.0,-5.2120835483131245,0.0,触发实验止损,"Will the price of Bitcoin be above $76,000 on May 24?"
1779150606,YES_NO_REV_SL12_CD60M,2285043,price_range_daily,BUY_YES,YES,0.6766875,25.0,0.56875,0.0625,0.0,0.0017986111111111258,实验策略信号入场,"Will the price of Bitcoin be above $76,000 on May 24?"
1779156003,YES_NO_REV_SL12_CD60M,2285043,price_range_daily,SELL_YES,YES,0.59,21.17177426803362,0.6255841876789509,0.0,-4.459475731966382,0.0,触发实验止损,"Will the price of Bitcoin be above $76,000 on May 24?"
1779260103,YES_NO_REV_SL12_CD60M,2285043,price_range_daily,BUY_YES,YES,0.7167874999999999,25.0,0.4987500000000001,0.0625,0.0,0.0025499999999999134,实验策略信号入场,"Will the price of Bitcoin be above $76,000 on May 24?"
1779420907,YES_NO_REV_SL12_CD60M,2285043,price_range_daily,SELL_YES,YES,0.905,31.35454196676142,0.2099035627713932,0.0,5.793291966761419,0.0,触发实验止盈,"Will the price of Bitcoin be above $76,000 on May 24?"
1779421206,YES_NO_REV_SL12_CD60M,2285043,price_range_daily,BUY_YES,YES,0.90225,25.0,0.175,0.0625,0.0,0.0038333333333333136,实验策略信号入场,"Will the price of Bitcoin be above $76,000 on May 24?"
1779459904,YES_NO_REV_SL12_CD60M,2285043,price_range_daily,SELL_YES,YES,0.755,20.561145746744252,0.3587766694375174,0.0,-4.676354253255749,0.0,触发实验止损,"Will the price of Bitcoin be above $76,000 on May 24?"
1779478505,YES_NO_REV_SL12_CD60M,2285043,price_range_daily,BUY_NO,NO,0.5563874999999999,25.0,0.7787500000000002,0.0625,0.0,0.019127777777777813,实验策略信号入场,"Will the price of Bitcoin be above $76,000 on May 24?"
1779483303,YES_NO_REV_SL12_CD60M,2285043,price_range_daily,SELL_NO,NO,0.47,20.334883511940873,0.7834917211475818,0.0,-5.506366488059125,0.0,触发实验止损,"Will the price of Bitcoin be above $76,000 on May 24?"
1779486903,YES_NO_REV_SL12_CD60M,2285043,price_range_daily,BUY_NO,NO,0.48621249999999994,25.0,0.9012500000000001,0.0625,0.0,0.1910680555555556,实验策略信号入场,"Will the price of Bitcoin be above $76,000 on May 24?"
1779489904,YES_NO_REV_SL12_CD60M,2285043,price_range_daily,SELL_NO,NO,0.62,31.031082088592953,0.84798313494614,0.0,5.067332088592952,0.0,触发实验止盈,"Will the price of Bitcoin be above $76,000 on May 24?"
1779490205,YES_NO_REV_SL12_CD60M,2285043,price_range_daily,BUY_NO,NO,0.5964875,25.0,0.7087500000000001,0.0625,0.0,0.20460138888888885,实验策略信号入场,"Will the price of Bitcoin be above $76,000 on May 24?"
1779521703,YES_NO_REV_SL12_CD60M,2285043,price_range_daily,SELL_NO,NO,0.775,31.97023198306755,0.5115886753703976,0.0,6.198981983067551,0.0,触发实验止盈,"Will the price of Bitcoin be above $76,000 on May 24?"
1779521835,YES_NO_REV_SL12_CD60M,2285043,price_range_daily,BUY_NO,NO,0.7468625,25.0,0.44625000000000004,0.0625,0.0,0.04339999999999998,实验策略信号入场,"Will the price of Bitcoin be above $76,000 on May 24?"
1779549004,YES_NO_REV_SL12_CD60M,2285043,price_range_daily,SELL_NO,NO,0.655,21.39556310565867,0.5294900333059968,0.0,-4.113186894341329,0.0,触发实验止损,"Will the price of Bitcoin be above $76,000 on May 24?"
1779551103,YES_NO_REV_SL12_CD60M,2285043,price_range_daily,BUY_YES,YES,0.3057625,25.0,1.21625,0.0625,0.0,0.004336111111111124,实验策略信号入场,"Will the price of Bitcoin be above $76,000 on May 24?"
1779558244,YES_NO_REV_SL12_CD60M,2285043,price_range_daily,SELL_YES,YES,0.265,20.552369077306736,1.1147745390621808,0.0,-5.726380922693263,0.0,触发实验止损,"Will the price of Bitcoin be above $76,000 on May 24?"
1779561903,YES_NO_REV_SL12_CD60M,2285043,price_range_daily,BUY_YES,YES,0.44611249999999997,25.0,0.9712500000000001,0.0625,0.0,0.0720527777777778,实验策略信号入场,"Will the price of Bitcoin be above $76,000 on May 24?"
1779567725,YES_NO_REV_SL12_CD60M,2285043,price_range_daily,SELL_YES,YES,0.565,30.698296393846842,0.9641205973829474,0.0,4.664546393846841,0.0,触发实验止盈,"Will the price of Bitcoin be above $76,000 on May 24?"
1779567903,YES_NO_REV_SL12_CD60M,2285043,price_range_daily,BUY_YES,YES,0.5263125,25.0,0.83125,0.0625,0.0,0.138625,实验策略信号入场,"Will the price of Bitcoin be above $76,000 on May 24?"
1779568803,YES_NO_REV_SL12_CD60M,2285043,price_range_daily,SELL_YES,YES,0.805,37.71579384871156,0.5219451371571072,0.0,11.822043848711562,0.0,触发实验止盈,"Will the price of Bitcoin be above $76,000 on May 24?"
1779569104,YES_NO_REV_SL12_CD60M,2285043,price_range_daily,BUY_YES,YES,0.8070125,25.0,0.34124999999999994,0.0625,0.0,0.17430138888888885,实验策略信号入场,"Will the price of Bitcoin be above $76,000 on May 24?"
1779575884,YES_NO_REV_SL12_CD60M,2285043,price_range_daily,SELL_YES,YES,0.685,20.7523350010068,0.46790632115363756,0.0,-4.6514149989932,0.0,触发实验止损,"Will the price of Bitcoin be above $76,000 on May 24?"
1779579484,YES_NO_REV_SL12_CD60M,2285043,price_range_daily,BUY_YES,YES,0.7869625,25.0,0.37625,0.0625,0.0,0.20512361111111105,实验策略信号入场,"Will the price of Bitcoin be above $76,000 on May 24?"
1779620703,YES_NO_REV_SL12_CD60M,2285043,price_range_daily,SELL_YES,YES,0.9875,31.343168750099274,0.027449290785774322,0.0,5.904418750099275,0.0,触发实验止盈,"Will the price of Bitcoin be above $76,000 on May 24?"
1779632106,YES_NO_REV_SL12_CD60M,2285043,price_range_daily,BUY_YES,YES,0.9172875,25.0,0.14874999999999994,0.0625,0.0,0.03866458333333341,实验策略信号入场,"Will the price of Bitcoin be above $76,000 on May 24?"
1779632405,YES_NO_REV_SL12_CD60M,2285043,price_range_daily,SELL_YES,YES,0.76,20.365261709115188,0.34798250275949477,0.0,-4.8459882908848115,0.0,触发实验止损,"Will the price of Bitcoin be above $76,000 on May 24?"
1778996708,YES_NO_SL25,2277989,price_range_daily,BUY_NO,NO,0.86215,25.0,0.24500000000000002,0.0625,0.0,0.06860277777777779,实验策略信号入场,"Will the price of Bitcoin be above $82,000 on May 23?"
1779559804,YES_NO_SL25,2277989,price_range_daily,MARK_TO_MARKET_EXIT,NO,0.9995,28.98176122194514,0.0010143971466681017,0.0,3.6742612219451374,0.0,回测结束平仓,"Will the price of Bitcoin be above $82,000 on May 23?"
1778996708,YES_NO_REV_SL25_CD60M,2277989,price_range_daily,BUY_NO,NO,0.86215,25.0,0.24500000000000002,0.0625,0.0,0.06860277777777779,实验策略信号入场,"Will the price of Bitcoin be above $82,000 on May 23?"
1779559804,YES_NO_REV_SL25_CD60M,2277989,price_range_daily,MARK_TO_MARKET_EXIT,NO,0.9995,28.98176122194514,0.0010143971466681017,0.0,3.6742612219451374,0.0,回测结束平仓,"Will the price of Bitcoin be above $82,000 on May 23?"
1778996708,YES_NO_REV_SL15_CD60M,2277989,price_range_daily,BUY_NO,NO,0.86215,25.0,0.24500000000000002,0.0625,0.0,0.06860277777777779,实验策略信号入场,"Will the price of Bitcoin be above $82,000 on May 23?"
1779559804,YES_NO_REV_SL15_CD60M,2277989,price_range_daily,MARK_TO_MARKET_EXIT,NO,0.9995,28.98176122194514,0.0010143971466681017,0.0,3.6742612219451374,0.0,回测结束平仓,"Will the price of Bitcoin be above $82,000 on May 23?"
1778996708,YES_NO_REV_SL12_CD60M,2277989,price_range_daily,BUY_NO,NO,0.86215,25.0,0.24500000000000002,0.0625,0.0,0.06860277777777779,实验策略信号入场,"Will the price of Bitcoin be above $82,000 on May 23?"
1779559804,YES_NO_REV_SL12_CD60M,2277989,price_range_daily,MARK_TO_MARKET_EXIT,NO,0.9995,28.98176122194514,0.0010143971466681017,0.0,3.6742612219451374,0.0,回测结束平仓,"Will the price of Bitcoin be above $82,000 on May 23?"
1779261906,YES_ONLY_SL25,2303422,price_range_daily,BUY_YES,YES,0.8471124999999999,25.0,0.2712500000000001,0.0625,0.0,0.002587499999999937,实验策略信号入场,"Will the price of Bitcoin be above $74,000 on May 26?"
1779522903,YES_ONLY_SL25,2303422,price_range_daily,SELL_YES,YES,0.62,17.810739423630274,0.48671221354896793,0.0,-7.523010576369725,0.0,触发实验止损,"Will the price of Bitcoin be above $74,000 on May 26?"
1779552304,YES_ONLY_SL25,2303422,price_range_daily,BUY_YES,YES,0.7669125,25.0,0.41125,0.0625,0.0,0.004313888888888867,实验策略信号入场,"Will the price of Bitcoin be above $74,000 on May 26?"
1779818405,YES_ONLY_SL25,2303422,price_range_daily,MARK_TO_MARKET_EXIT,YES,0.9995,32.58080346519323,0.0011403680341628333,0.0,7.1070534651932284,0.0,回测结束平仓,"Will the price of Bitcoin be above $74,000 on May 26?"
1779261906,YES_NO_SL25,2303422,price_range_daily,BUY_YES,YES,0.8471124999999999,25.0,0.2712500000000001,0.0625,0.0,0.002587499999999937,实验策略信号入场,"Will the price of Bitcoin be above $74,000 on May 26?"
1779522903,YES_NO_SL25,2303422,price_range_daily,SELL_YES,YES,0.62,17.810739423630274,0.48671221354896793,0.0,-7.523010576369725,0.0,触发实验止损,"Will the price of Bitcoin be above $74,000 on May 26?"
1779526504,YES_NO_SL25,2303422,price_range_daily,BUY_NO,NO,0.37092499999999995,25.0,1.1025000000000003,0.0625,0.0,0.002497222222222234,实验策略信号入场,"Will the price of Bitcoin be above $74,000 on May 26?"
1779544515,YES_NO_SL25,2303422,price_range_daily,SELL_NO,NO,0.275,17.594105951337873,0.9406382691918853,0.0,-8.570894048662126,0.0,触发实验止损,"Will the price of Bitcoin be above $74,000 on May 26?"
1779552304,YES_NO_SL25,2303422,price_range_daily,BUY_YES,YES,0.7669125,25.0,0.41125,0.0625,0.0,0.004313888888888867,实验策略信号入场,"Will the price of Bitcoin be above $74,000 on May 26?"
1779818405,YES_NO_SL25,2303422,price_range_daily,MARK_TO_MARKET_EXIT,YES,0.9995,32.58080346519323,0.0011403680341628333,0.0,7.1070534651932284,0.0,回测结束平仓,"Will the price of Bitcoin be above $74,000 on May 26?"
1779261906,YES_NO_REV_SL25_CD60M,2303422,price_range_daily,BUY_YES,YES,0.8471124999999999,25.0,0.2712500000000001,0.0625,0.0,0.002587499999999937,实验策略信号入场,"Will the price of Bitcoin be above $74,000 on May 26?"
1779522903,YES_NO_REV_SL25_CD60M,2303422,price_range_daily,SELL_YES,YES,0.62,17.810739423630274,0.48671221354896793,0.0,-7.523010576369725,0.0,触发实验止损,"Will the price of Bitcoin be above $74,000 on May 26?"
1779526504,YES_NO_REV_SL25_CD60M,2303422,price_range_daily,BUY_NO,NO,0.37092499999999995,25.0,1.1025000000000003,0.0625,0.0,0.002497222222222234,实验策略信号入场,"Will the price of Bitcoin be above $74,000 on May 26?"
1779544515,YES_NO_REV_SL25_CD60M,2303422,price_range_daily,SELL_NO,NO,0.275,17.594105951337873,0.9406382691918853,0.0,-8.570894048662126,0.0,触发实验止损,"Will the price of Bitcoin be above $74,000 on May 26?"
1779552304,YES_NO_REV_SL25_CD60M,2303422,price_range_daily,BUY_YES,YES,0.7669125,25.0,0.41125,0.0625,0.0,0.004313888888888867,实验策略信号入场,"Will the price of Bitcoin be above $74,000 on May 26?"
1779818405,YES_NO_REV_SL25_CD60M,2303422,price_range_daily,MARK_TO_MARKET_EXIT,YES,0.9995,32.58080346519323,0.0011403680341628333,0.0,7.1070534651932284,0.0,回测结束平仓,"Will the price of Bitcoin be above $74,000 on May 26?"
1779261906,YES_NO_REV_SL15_CD60M,2303422,price_range_daily,BUY_YES,YES,0.8471124999999999,25.0,0.2712500000000001,0.0625,0.0,0.002587499999999937,实验策略信号入场,"Will the price of Bitcoin be above $74,000 on May 26?"
1779497103,YES_NO_REV_SL15_CD60M,2303422,price_range_daily,SELL_YES,YES,0.72,20.832179905266422,0.41647360887721535,0.0,-4.501570094733577,0.0,触发实验止损,"Will the price of Bitcoin be above $74,000 on May 26?"
1779497103,YES_NO_REV_SL15_CD60M,2303422,price_range_daily,BUY_NO,NO,0.2807,25.0,1.26,0.0625,0.0,0.025502777777777715,YES 止损后反转尝试买 NO,"Will the price of Bitcoin be above $74,000 on May 26?"
1779502504,YES_NO_REV_SL15_CD60M,2303422,price_range_daily,SELL_NO,NO,0.235,19.809026540790878,1.1207917705735662,0.0,-6.5134734592091235,0.0,触发实验止损,"Will the price of Bitcoin be above $74,000 on May 26?"
1779506105,YES_NO_REV_SL15_CD60M,2303422,price_range_daily,BUY_NO,NO,0.21553749999999997,25.0,1.3737500000000002,0.0625,0.0,0.019425000000000026,实验策略信号入场,"Will the price of Bitcoin be above $74,000 on May 26?"
1779522604,YES_NO_REV_SL15_CD60M,2303422,price_range_daily,SELL_NO,NO,0.31000000000000005,34.219915327959185,1.7367047497535237,0.0,7.783665327959184,0.0,触发实验止盈,"Will the price of Bitcoin be above $74,000 on May 26?"
1779526504,YES_NO_REV_SL15_CD60M,2303422,price_range_daily,BUY_NO,NO,0.37092499999999995,25.0,1.1025000000000003,0.0625,0.0,0.002497222222222234,实验策略信号入场,"Will the price of Bitcoin be above $74,000 on May 26?"
1779541504,YES_NO_REV_SL15_CD60M,2303422,price_range_daily,SELL_NO,NO,0.31499999999999995,20.212694614814314,1.0180124014288603,0.0,-5.952305385185685,0.0,触发实验止损,"Will the price of Bitcoin be above $74,000 on May 26?"
1779552304,YES_NO_REV_SL15_CD60M,2303422,price_range_daily,BUY_YES,YES,0.7669125,25.0,0.41125,0.0625,0.0,0.004313888888888867,实验策略信号入场,"Will the price of Bitcoin be above $74,000 on May 26?"
1779792304,YES_NO_REV_SL15_CD60M,2303422,price_range_daily,SELL_YES,YES,0.9975,32.5110569165322,0.0056904307857805255,0.0,7.037306916532199,0.0,触发实验止盈,"Will the price of Bitcoin be above $74,000 on May 26?"
1779261906,YES_NO_REV_SL12_CD60M,2303422,price_range_daily,BUY_YES,YES,0.8471124999999999,25.0,0.2712500000000001,0.0625,0.0,0.002587499999999937,实验策略信号入场,"Will the price of Bitcoin be above $74,000 on May 26?"
1779496503,YES_NO_REV_SL12_CD60M,2303422,price_range_daily,SELL_YES,YES,0.745,21.593995779781316,0.39245820360341754,0.0,-3.739754220218682,0.0,触发实验止损,"Will the price of Bitcoin be above $74,000 on May 26?"
1779496503,YES_NO_REV_SL12_CD60M,2303422,price_range_daily,BUY_NO,NO,0.2556375,25.0,1.30375,0.0625,0.0,0.020245833333333386,YES 止损后反转尝试买 NO,"Will the price of Bitcoin be above $74,000 on May 26?"
1779505208,YES_NO_REV_SL12_CD60M,2303422,price_range_daily,SELL_NO,NO,0.21999999999999997,20.340130066989385,1.17471028311574,0.0,-6.026119933010616,0.0,触发实验止损,"Will the price of Bitcoin be above $74,000 on May 26?"
1779526504,YES_NO_REV_SL12_CD60M,2303422,price_range_daily,BUY_NO,NO,0.37092499999999995,25.0,1.1025000000000003,0.0625,0.0,0.002497222222222234,实验策略信号入场,"Will the price of Bitcoin be above $74,000 on May 26?"
1779541504,YES_NO_REV_SL12_CD60M,2303422,price_range_daily,SELL_NO,NO,0.31499999999999995,20.212694614814314,1.0180124014288603,0.0,-5.952305385185685,0.0,触发实验止损,"Will the price of Bitcoin be above $74,000 on May 26?"
1779552304,YES_NO_REV_SL12_CD60M,2303422,price_range_daily,BUY_YES,YES,0.7669125,25.0,0.41125,0.0625,0.0,0.004313888888888867,实验策略信号入场,"Will the price of Bitcoin be above $74,000 on May 26?"
1779668703,YES_NO_REV_SL12_CD60M,2303422,price_range_daily,SELL_YES,YES,0.965,31.380234055384417,0.07707039590566077,0.0,5.906484055384418,0.0,触发实验止盈,"Will the price of Bitcoin be above $74,000 on May 26?"
1779669903,YES_NO_REV_SL12_CD60M,2303422,price_range_daily,BUY_YES,YES,0.9654074999999999,25.0,0.06475000000000006,0.0625,0.0,0.002014166666666692,实验策略信号入场,"Will the price of Bitcoin be above $74,000 on May 26?"
1779818405,YES_NO_REV_SL12_CD60M,2303422,price_range_daily,MARK_TO_MARKET_EXIT,YES,0.9995,25.88194667795724,0.0009058998402228115,0.0,0.7546966779572415,0.0,回测结束平仓,"Will the price of Bitcoin be above $74,000 on May 26?"
1779366008,YES_NO_SL25,2303434,price_range_daily,BUY_NO,NO,0.9423499999999999,25.0,0.10500000000000011,0.0625,0.0,0.002015277777777765,实验策略信号入场,"Will the price of Bitcoin be above $82,000 on May 26?"
1779818403,YES_NO_SL25,2303434,price_range_daily,MARK_TO_MARKET_EXIT,NO,0.9995,26.515228351992366,0.0009280654746112421,0.0,1.347728351992366,0.0,回测结束平仓,"Will the price of Bitcoin be above $82,000 on May 26?"
1779366008,YES_NO_REV_SL25_CD60M,2303434,price_range_daily,BUY_NO,NO,0.9423499999999999,25.0,0.10500000000000011,0.0625,0.0,0.002015277777777765,实验策略信号入场,"Will the price of Bitcoin be above $82,000 on May 26?"
1779818403,YES_NO_REV_SL25_CD60M,2303434,price_range_daily,MARK_TO_MARKET_EXIT,NO,0.9995,26.515228351992366,0.0009280654746112421,0.0,1.347728351992366,0.0,回测结束平仓,"Will the price of Bitcoin be above $82,000 on May 26?"
1779366008,YES_NO_REV_SL15_CD60M,2303434,price_range_daily,BUY_NO,NO,0.9423499999999999,25.0,0.10500000000000011,0.0625,0.0,0.002015277777777765,实验策略信号入场,"Will the price of Bitcoin be above $82,000 on May 26?"
1779818403,YES_NO_REV_SL15_CD60M,2303434,price_range_daily,MARK_TO_MARKET_EXIT,NO,0.9995,26.515228351992366,0.0009280654746112421,0.0,1.347728351992366,0.0,回测结束平仓,"Will the price of Bitcoin be above $82,000 on May 26?"
1779366008,YES_NO_REV_SL12_CD60M,2303434,price_range_daily,BUY_NO,NO,0.9423499999999999,25.0,0.10500000000000011,0.0625,0.0,0.002015277777777765,实验策略信号入场,"Will the price of Bitcoin be above $82,000 on May 26?"
1779818403,YES_NO_REV_SL12_CD60M,2303434,price_range_daily,MARK_TO_MARKET_EXIT,NO,0.9995,26.515228351992366,0.0009280654746112421,0.0,1.347728351992366,0.0,回测结束平仓,"Will the price of Bitcoin be above $82,000 on May 26?"
1779268205,YES_ONLY_SL25,2303417,price_range_daily,BUY_YES,YES,0.9423499999999999,25.0,0.10500000000000011,0.0625,0.0,0.001598611111111186,实验策略信号入场,"Will the price of Bitcoin be above $72,000 on May 26?"
1779818405,YES_ONLY_SL25,2303417,price_range_daily,MARK_TO_MARKET_EXIT,YES,0.9995,26.515228351992366,0.0009280654746112421,0.0,1.347728351992366,0.0,回测结束平仓,"Will the price of Bitcoin be above $72,000 on May 26?"
1779268205,YES_NO_SL25,2303417,price_range_daily,BUY_YES,YES,0.9423499999999999,25.0,0.10500000000000011,0.0625,0.0,0.001598611111111186,实验策略信号入场,"Will the price of Bitcoin be above $72,000 on May 26?"
1779818405,YES_NO_SL25,2303417,price_range_daily,MARK_TO_MARKET_EXIT,YES,0.9995,26.515228351992366,0.0009280654746112421,0.0,1.347728351992366,0.0,回测结束平仓,"Will the price of Bitcoin be above $72,000 on May 26?"
1779268205,YES_NO_REV_SL25_CD60M,2303417,price_range_daily,BUY_YES,YES,0.9423499999999999,25.0,0.10500000000000011,0.0625,0.0,0.001598611111111186,实验策略信号入场,"Will the price of Bitcoin be above $72,000 on May 26?"
1779818405,YES_NO_REV_SL25_CD60M,2303417,price_range_daily,MARK_TO_MARKET_EXIT,YES,0.9995,26.515228351992366,0.0009280654746112421,0.0,1.347728351992366,0.0,回测结束平仓,"Will the price of Bitcoin be above $72,000 on May 26?"
1779268205,YES_NO_REV_SL15_CD60M,2303417,price_range_daily,BUY_YES,YES,0.9423499999999999,25.0,0.10500000000000011,0.0625,0.0,0.001598611111111186,实验策略信号入场,"Will the price of Bitcoin be above $72,000 on May 26?"
1779818405,YES_NO_REV_SL15_CD60M,2303417,price_range_daily,MARK_TO_MARKET_EXIT,YES,0.9995,26.515228351992366,0.0009280654746112421,0.0,1.347728351992366,0.0,回测结束平仓,"Will the price of Bitcoin be above $72,000 on May 26?"
1779268205,YES_NO_REV_SL12_CD60M,2303417,price_range_daily,BUY_YES,YES,0.9423499999999999,25.0,0.10500000000000011,0.0625,0.0,0.001598611111111186,实验策略信号入场,"Will the price of Bitcoin be above $72,000 on May 26?"
1779818405,YES_NO_REV_SL12_CD60M,2303417,price_range_daily,MARK_TO_MARKET_EXIT,YES,0.9995,26.515228351992366,0.0009280654746112421,0.0,1.347728351992366,0.0,回测结束平仓,"Will the price of Bitcoin be above $72,000 on May 26?"
1779262207,YES_ONLY_SL25,2303425,price_range_daily,BUY_YES,YES,0.671675,25.0,0.5775,0.0625,0.0,0.0016916666666667197,实验策略信号入场,"Will the price of Bitcoin be above $76,000 on May 26?"
1779478508,YES_ONLY_SL25,2303425,price_range_daily,SELL_YES,YES,0.495,17.772797483902185,0.6512915472512749,0.0,-7.867202516097816,0.0,触发实验止损,"Will the price of Bitcoin be above $76,000 on May 26?"
1779554405,YES_ONLY_SL25,2303425,price_range_daily,BUY_YES,YES,0.42606249999999996,25.0,1.00625,0.0625,0.0,0.0026666666666666644,实验策略信号入场,"Will the price of Bitcoin be above $76,000 on May 26?"
1779568804,YES_ONLY_SL25,2303425,price_range_daily,SELL_YES,YES,0.645,36.906073052662464,0.9404870177497434,0.0,10.837323052662462,0.0,触发实验止盈,"Will the price of Bitcoin be above $76,000 on May 26?"
1779569106,YES_ONLY_SL25,2303425,price_range_daily,BUY_YES,YES,0.66165,25.0,0.5950000000000001,0.0625,0.0,0.07606111111111113,实验策略信号入场,"Will the price of Bitcoin be above $76,000 on May 26?"
1779701703,YES_ONLY_SL25,2303425,price_range_daily,SELL_YES,YES,0.915,34.36695193833598,0.2057073226025844,0.0,8.709451938335981,0.0,触发实验止盈,"Will the price of Bitcoin be above $76,000 on May 26?"
1779702004,YES_ONLY_SL25,2303425,price_range_daily,BUY_YES,YES,0.9172875,25.0,0.14874999999999994,0.0625,0.0,0.044987500000000034,实验策略信号入场,"Will the price of Bitcoin be above $76,000 on May 26?"
1779818408,YES_ONLY_SL25,2303425,price_range_daily,MARK_TO_MARKET_EXIT,YES,0.9995,27.239688143030403,0.0009534224547918769,0.0,2.028438143030403,0.0,回测结束平仓,"Will the price of Bitcoin be above $76,000 on May 26?"
1779262207,YES_NO_SL25,2303425,price_range_daily,BUY_YES,YES,0.671675,25.0,0.5775,0.0625,0.0,0.0016916666666667197,实验策略信号入场,"Will the price of Bitcoin be above $76,000 on May 26?"
1779478508,YES_NO_SL25,2303425,price_range_daily,SELL_YES,YES,0.495,17.772797483902185,0.6512915472512749,0.0,-7.867202516097816,0.0,触发实验止损,"Will the price of Bitcoin be above $76,000 on May 26?"
1779478804,YES_NO_SL25,2303425,price_range_daily,BUY_NO,NO,0.5213,25.0,0.8400000000000001,0.0625,0.0,0.018622222222222228,实验策略信号入场,"Will the price of Bitcoin be above $76,000 on May 26?"
1779522904,YES_NO_SL25,2303425,price_range_daily,SELL_NO,NO,0.74,34.8423172837138,0.6458852867830425,0.0,8.939817283713797,0.0,触发实验止盈,"Will the price of Bitcoin be above $76,000 on May 26?"
1779523217,YES_NO_SL25,2303425,price_range_daily,BUY_NO,NO,0.7268125,25.0,0.48125000000000007,0.0625,0.0,0.013979166666666647,实验策略信号入场,"Will the price of Bitcoin be above $76,000 on May 26?"
1779560105,YES_NO_SL25,2303425,price_range_daily,SELL_NO,NO,0.5449999999999999,18.149170178003267,0.5970676756384902,0.0,-7.394579821996732,0.0,触发实验止损,"Will the price of Bitcoin be above $76,000 on May 26?"
1779560404,YES_NO_SL25,2303425,price_range_daily,BUY_YES,YES,0.4661625,25.0,0.9362499999999999,0.0625,0.0,0.02091805555555553,实验策略信号入场,"Will the price of Bitcoin be above $76,000 on May 26?"
1779568804,YES_NO_SL25,2303425,price_range_daily,SELL_YES,YES,0.645,33.73135709114312,0.8595849086960021,0.0,7.732607091143116,0.0,触发实验止盈,"Will the price of Bitcoin be above $76,000 on May 26?"
1779569106,YES_NO_SL25,2303425,price_range_daily,BUY_YES,YES,0.66165,25.0,0.5950000000000001,0.0625,0.0,0.07606111111111113,实验策略信号入场,"Will the price of Bitcoin be above $76,000 on May 26?"
1779701703,YES_NO_SL25,2303425,price_range_daily,SELL_YES,YES,0.915,34.36695193833598,0.2057073226025844,0.0,8.709451938335981,0.0,触发实验止盈,"Will the price of Bitcoin be above $76,000 on May 26?"
1779702004,YES_NO_SL25,2303425,price_range_daily,BUY_YES,YES,0.9172875,25.0,0.14874999999999994,0.0625,0.0,0.044987500000000034,实验策略信号入场,"Will the price of Bitcoin be above $76,000 on May 26?"
1779818408,YES_NO_SL25,2303425,price_range_daily,MARK_TO_MARKET_EXIT,YES,0.9995,27.239688143030403,0.0009534224547918769,0.0,2.028438143030403,0.0,回测结束平仓,"Will the price of Bitcoin be above $76,000 on May 26?"
1779262207,YES_NO_REV_SL25_CD60M,2303425,price_range_daily,BUY_YES,YES,0.671675,25.0,0.5775,0.0625,0.0,0.0016916666666667197,实验策略信号入场,"Will the price of Bitcoin be above $76,000 on May 26?"
1779478508,YES_NO_REV_SL25_CD60M,2303425,price_range_daily,SELL_YES,YES,0.495,17.772797483902185,0.6512915472512749,0.0,-7.867202516097816,0.0,触发实验止损,"Will the price of Bitcoin be above $76,000 on May 26?"
1779478508,YES_NO_REV_SL25_CD60M,2303425,price_range_daily,BUY_NO,NO,0.5062625,25.0,0.86625,0.0625,0.0,0.01340555555555558,YES 止损后反转尝试买 NO,"Will the price of Bitcoin be above $76,000 on May 26?"
1779522904,YES_NO_REV_SL25_CD60M,2303425,price_range_daily,SELL_NO,NO,0.74,35.877237599071634,0.6650699982716478,0.0,9.948487599071633,0.0,触发实验止盈,"Will the price of Bitcoin be above $76,000 on May 26?"
1779523217,YES_NO_REV_SL25_CD60M,2303425,price_range_daily,BUY_NO,NO,0.7268125,25.0,0.48125000000000007,0.0625,0.0,0.013979166666666647,实验策略信号入场,"Will the price of Bitcoin be above $76,000 on May 26?"
1779560105,YES_NO_REV_SL25_CD60M,2303425,price_range_daily,SELL_NO,NO,0.5449999999999999,18.149170178003267,0.5970676756384902,0.0,-7.394579821996732,0.0,触发实验止损,"Will the price of Bitcoin be above $76,000 on May 26?"
1779560105,YES_NO_REV_SL25_CD60M,2303425,price_range_daily,BUY_YES,YES,0.4561375,25.0,0.9537499999999999,0.0625,0.0,0.019836111111111082,NO 止损后反转尝试买 YES,"Will the price of Bitcoin be above $76,000 on May 26?"
1779568804,YES_NO_REV_SL25_CD60M,2303425,price_range_daily,SELL_YES,YES,0.645,34.472705598640765,0.8784768847112988,0.0,8.456455598640765,0.0,触发实验止盈,"Will the price of Bitcoin be above $76,000 on May 26?"
1779569106,YES_NO_REV_SL25_CD60M,2303425,price_range_daily,BUY_YES,YES,0.66165,25.0,0.5950000000000001,0.0625,0.0,0.07606111111111113,实验策略信号入场,"Will the price of Bitcoin be above $76,000 on May 26?"
1779701703,YES_NO_REV_SL25_CD60M,2303425,price_range_daily,SELL_YES,YES,0.915,34.36695193833598,0.2057073226025844,0.0,8.709451938335981,0.0,触发实验止盈,"Will the price of Bitcoin be above $76,000 on May 26?"
1779702004,YES_NO_REV_SL25_CD60M,2303425,price_range_daily,BUY_YES,YES,0.9172875,25.0,0.14874999999999994,0.0625,0.0,0.044987500000000034,实验策略信号入场,"Will the price of Bitcoin be above $76,000 on May 26?"
1779818408,YES_NO_REV_SL25_CD60M,2303425,price_range_daily,MARK_TO_MARKET_EXIT,YES,0.9995,27.239688143030403,0.0009534224547918769,0.0,2.028438143030403,0.0,回测结束平仓,"Will the price of Bitcoin be above $76,000 on May 26?"
1779262207,YES_NO_REV_SL15_CD60M,2303425,price_range_daily,BUY_YES,YES,0.671675,25.0,0.5775,0.0625,0.0,0.0016916666666667197,实验策略信号入场,"Will the price of Bitcoin be above $76,000 on May 26?"
1779477006,YES_NO_REV_SL15_CD60M,2303425,price_range_daily,SELL_YES,YES,0.565,20.389167007853498,0.6403487549782262,0.0,-5.250832992146503,0.0,触发实验止损,"Will the price of Bitcoin be above $76,000 on May 26?"
1779478209,YES_NO_REV_SL15_CD60M,2303425,price_range_daily,BUY_NO,NO,0.4461124999999999,25.0,0.9712500000000003,0.0625,0.0,0.005212500000000057,实验策略信号入场,"Will the price of Bitcoin be above $76,000 on May 26?"
1779493805,YES_NO_REV_SL15_CD60M,2303425,price_range_daily,SELL_NO,NO,0.5800000000000001,31.547423575891745,0.9555885566981427,0.0,5.513673575891744,0.0,触发实验止盈,"Will the price of Bitcoin be above $76,000 on May 26?"
1779494105,YES_NO_REV_SL15_CD60M,2303425,price_range_daily,BUY_NO,NO,0.5614,25.0,0.7699999999999999,0.0625,0.0,0.09871388888888888,实验策略信号入场,"Will the price of Bitcoin be above $76,000 on May 26?"
1779522904,YES_NO_REV_SL15_CD60M,2303425,price_range_daily,SELL_NO,NO,0.74,32.353580334877094,0.5997506234413965,0.0,6.5210803348770945,0.0,触发实验止盈,"Will the price of Bitcoin be above $76,000 on May 26?"
1779523217,YES_NO_REV_SL15_CD60M,2303425,price_range_daily,BUY_NO,NO,0.7268125,25.0,0.48125000000000007,0.0625,0.0,0.013979166666666647,实验策略信号入场,"Will the price of Bitcoin be above $76,000 on May 26?"
1779546908,YES_NO_REV_SL15_CD60M,2303425,price_range_daily,SELL_NO,NO,0.615,20.583910912374236,0.5701006105426091,0.0,-4.959839087625763,0.0,触发实验止损,"Will the price of Bitcoin be above $76,000 on May 26?"
1779554405,YES_NO_REV_SL15_CD60M,2303425,price_range_daily,BUY_YES,YES,0.42606249999999996,25.0,1.00625,0.0625,0.0,0.0026666666666666644,实验策略信号入场,"Will the price of Bitcoin be above $76,000 on May 26?"
1779568504,YES_NO_REV_SL15_CD60M,2303425,price_range_daily,SELL_YES,YES,0.555,31.55122487897903,1.0144198327710139,0.0,5.48247487897903,0.0,触发实验止盈,"Will the price of Bitcoin be above $76,000 on May 26?"
1779568804,YES_NO_REV_SL15_CD60M,2303425,price_range_daily,BUY_YES,YES,0.6466125,25.0,0.62125,0.0625,0.0,0.07042777777777781,实验策略信号入场,"Will the price of Bitcoin be above $76,000 on May 26?"
1779659104,YES_NO_REV_SL15_CD60M,2303425,price_range_daily,SELL_YES,YES,0.545,20.400230045042434,0.6711225811440393,0.0,-5.2835199549575655,0.0,触发实验止损,"Will the price of Bitcoin be above $76,000 on May 26?"
1779668104,YES_NO_REV_SL15_CD60M,2303425,price_range_daily,BUY_YES,YES,0.7869625,25.0,0.37625,0.0625,0.0,0.003213888888888919,实验策略信号入场,"Will the price of Bitcoin be above $76,000 on May 26?"
1779818408,YES_NO_REV_SL15_CD60M,2303425,price_range_daily,MARK_TO_MARKET_EXIT,YES,0.9995,31.75071930047493,0.0011113140715090031,0.0,6.3119693004749315,0.0,回测结束平仓,"Will the price of Bitcoin be above $76,000 on May 26?"
1779262207,YES_NO_REV_SL12_CD60M,2303425,price_range_daily,BUY_YES,YES,0.671675,25.0,0.5775,0.0625,0.0,0.0016916666666667197,实验策略信号入场,"Will the price of Bitcoin be above $76,000 on May 26?"
1779477006,YES_NO_REV_SL12_CD60M,2303425,price_range_daily,SELL_YES,YES,0.565,20.389167007853498,0.6403487549782262,0.0,-5.250832992146503,0.0,触发实验止损,"Will the price of Bitcoin be above $76,000 on May 26?"
1779478209,YES_NO_REV_SL12_CD60M,2303425,price_range_daily,BUY_NO,NO,0.4461124999999999,25.0,0.9712500000000003,0.0625,0.0,0.005212500000000057,实验策略信号入场,"Will the price of Bitcoin be above $76,000 on May 26?"
1779493805,YES_NO_REV_SL12_CD60M,2303425,price_range_daily,SELL_NO,NO,0.5800000000000001,31.547423575891745,0.9555885566981427,0.0,5.513673575891744,0.0,触发实验止盈,"Will the price of Bitcoin be above $76,000 on May 26?"
1779494105,YES_NO_REV_SL12_CD60M,2303425,price_range_daily,BUY_NO,NO,0.5614,25.0,0.7699999999999999,0.0625,0.0,0.09871388888888888,实验策略信号入场,"Will the price of Bitcoin be above $76,000 on May 26?"
1779522904,YES_NO_REV_SL12_CD60M,2303425,price_range_daily,SELL_NO,NO,0.74,32.353580334877094,0.5997506234413965,0.0,6.5210803348770945,0.0,触发实验止盈,"Will the price of Bitcoin be above $76,000 on May 26?"
1779523217,YES_NO_REV_SL12_CD60M,2303425,price_range_daily,BUY_NO,NO,0.7268125,25.0,0.48125000000000007,0.0625,0.0,0.013979166666666647,实验策略信号入场,"Will the price of Bitcoin be above $76,000 on May 26?"
1779544518,YES_NO_REV_SL12_CD60M,2303425,price_range_daily,SELL_NO,NO,0.63,21.10871098116777,0.5612520423080232,0.0,-4.435039018832228,0.0,触发实验止损,"Will the price of Bitcoin be above $76,000 on May 26?"
1779554405,YES_NO_REV_SL12_CD60M,2303425,price_range_daily,BUY_YES,YES,0.42606249999999996,25.0,1.00625,0.0625,0.0,0.0026666666666666644,实验策略信号入场,"Will the price of Bitcoin be above $76,000 on May 26?"
1779568504,YES_NO_REV_SL12_CD60M,2303425,price_range_daily,SELL_YES,YES,0.555,31.55122487897903,1.0144198327710139,0.0,5.48247487897903,0.0,触发实验止盈,"Will the price of Bitcoin be above $76,000 on May 26?"
1779568804,YES_NO_REV_SL12_CD60M,2303425,price_range_daily,BUY_YES,YES,0.6466125,25.0,0.62125,0.0625,0.0,0.07042777777777781,实验策略信号入场,"Will the price of Bitcoin be above $76,000 on May 26?"
1779658804,YES_NO_REV_SL12_CD60M,2303425,price_range_daily,SELL_YES,YES,0.565,21.17944479885557,0.6651684741634287,0.0,-4.50430520114443,0.0,触发实验止损,"Will the price of Bitcoin be above $76,000 on May 26?"
1779668104,YES_NO_REV_SL12_CD60M,2303425,price_range_daily,BUY_YES,YES,0.7869625,25.0,0.37625,0.0625,0.0,0.003213888888888919,实验策略信号入场,"Will the price of Bitcoin be above $76,000 on May 26?"
1779804616,YES_NO_REV_SL12_CD60M,2303425,price_range_daily,SELL_YES,YES,0.9895,31.41104936702829,0.023104102800323933,0.0,5.972299367028292,0.0,触发实验止盈,"Will the price of Bitcoin be above $76,000 on May 26?"
1779806704,YES_NO_REV_SL12_CD60M,2303425,price_range_daily,BUY_YES,YES,0.97042,25.0,0.056000000000000064,0.0625,0.0,0.04664888888888882,实验策略信号入场,"Will the price of Bitcoin be above $76,000 on May 26?"
1779818408,YES_NO_REV_SL12_CD60M,2303425,price_range_daily,MARK_TO_MARKET_EXIT,YES,0.9995,25.74825893685209,0.0009012206055109168,0.0,0.6297589368520882,0.0,回测结束平仓,"Will the price of Bitcoin be above $76,000 on May 26?"
1778987704,YES_NO_SL25,2269351,price_range_daily,BUY_NO,NO,0.9674124999999999,25.0,0.06125000000000006,0.0625,0.0,0.0019076388888888858,实验策略信号入场,"Will the price of Bitcoin be above $84,000 on May 22?"
1779476406,YES_NO_SL25,2269351,price_range_daily,MARK_TO_MARKET_EXIT,NO,0.9995,25.828305337692044,0.000904022327600588,0.0,0.7045553376920424,0.0,回测结束平仓,"Will the price of Bitcoin be above $84,000 on May 22?"
1778987704,YES_NO_REV_SL25_CD60M,2269351,price_range_daily,BUY_NO,NO,0.9674124999999999,25.0,0.06125000000000006,0.0625,0.0,0.0019076388888888858,实验策略信号入场,"Will the price of Bitcoin be above $84,000 on May 22?"
1779476406,YES_NO_REV_SL25_CD60M,2269351,price_range_daily,MARK_TO_MARKET_EXIT,NO,0.9995,25.828305337692044,0.000904022327600588,0.0,0.7045553376920424,0.0,回测结束平仓,"Will the price of Bitcoin be above $84,000 on May 22?"
1778987704,YES_NO_REV_SL15_CD60M,2269351,price_range_daily,BUY_NO,NO,0.9674124999999999,25.0,0.06125000000000006,0.0625,0.0,0.0019076388888888858,实验策略信号入场,"Will the price of Bitcoin be above $84,000 on May 22?"
1779476406,YES_NO_REV_SL15_CD60M,2269351,price_range_daily,MARK_TO_MARKET_EXIT,NO,0.9995,25.828305337692044,0.000904022327600588,0.0,0.7045553376920424,0.0,回测结束平仓,"Will the price of Bitcoin be above $84,000 on May 22?"
1778987704,YES_NO_REV_SL12_CD60M,2269351,price_range_daily,BUY_NO,NO,0.9674124999999999,25.0,0.06125000000000006,0.0625,0.0,0.0019076388888888858,实验策略信号入场,"Will the price of Bitcoin be above $84,000 on May 22?"
1779476406,YES_NO_REV_SL12_CD60M,2269351,price_range_daily,MARK_TO_MARKET_EXIT,NO,0.9995,25.828305337692044,0.000904022327600588,0.0,0.7045553376920424,0.0,回测结束平仓,"Will the price of Bitcoin be above $84,000 on May 22?"
1778818807,YES_NO_SL25,2261240,price_range_daily,BUY_NO,NO,0.8070124999999999,25.0,0.34125000000000016,0.0625,0.0,0.013954166666666653,实验策略信号入场,"Will the price of Bitcoin be above $84,000 on May 21?"
1779391518,YES_NO_SL25,2261240,price_range_daily,MARK_TO_MARKET_EXIT,NO,0.9995,30.96188155387928,0.0010837037840180962,0.0,5.5581315538792815,0.0,回测结束平仓,"Will the price of Bitcoin be above $84,000 on May 21?"
1778818807,YES_NO_REV_SL25_CD60M,2261240,price_range_daily,BUY_NO,NO,0.8070124999999999,25.0,0.34125000000000016,0.0625,0.0,0.013954166666666653,实验策略信号入场,"Will the price of Bitcoin be above $84,000 on May 21?"
1779391518,YES_NO_REV_SL25_CD60M,2261240,price_range_daily,MARK_TO_MARKET_EXIT,NO,0.9995,30.96188155387928,0.0010837037840180962,0.0,5.5581315538792815,0.0,回测结束平仓,"Will the price of Bitcoin be above $84,000 on May 21?"
1778818807,YES_NO_REV_SL15_CD60M,2261240,price_range_daily,BUY_NO,NO,0.8070124999999999,25.0,0.34125000000000016,0.0625,0.0,0.013954166666666653,实验策略信号入场,"Will the price of Bitcoin be above $84,000 on May 21?"
1779391518,YES_NO_REV_SL15_CD60M,2261240,price_range_daily,MARK_TO_MARKET_EXIT,NO,0.9995,30.96188155387928,0.0010837037840180962,0.0,5.5581315538792815,0.0,回测结束平仓,"Will the price of Bitcoin be above $84,000 on May 21?"
1778818807,YES_NO_REV_SL12_CD60M,2261240,price_range_daily,BUY_NO,NO,0.8070124999999999,25.0,0.34125000000000016,0.0625,0.0,0.013954166666666653,实验策略信号入场,"Will the price of Bitcoin be above $84,000 on May 21?"
1779391518,YES_NO_REV_SL12_CD60M,2261240,price_range_daily,MARK_TO_MARKET_EXIT,NO,0.9995,30.96188155387928,0.0010837037840180962,0.0,5.5581315538792815,0.0,回测结束平仓,"Will the price of Bitcoin be above $84,000 on May 21?"
1779263705,YES_ONLY_SL25,2303427,price_range_daily,BUY_YES,YES,0.451125,25.0,0.9625000000000001,0.0625,0.0,0.0015694444444444358,实验策略信号入场,"Will the price of Bitcoin be above $78,000 on May 26?"
1779371108,YES_ONLY_SL25,2303427,price_range_daily,SELL_YES,YES,0.335,17.700512607370467,0.8641867553338878,0.0,-8.324487392629532,0.0,触发实验止损,"Will the price of Bitcoin be above $78,000 on May 26?"
1779569404,YES_ONLY_SL25,2303427,price_range_daily,BUY_YES,YES,0.31077499999999997,25.0,1.2075,0.0625,0.0,0.0026722222222222147,实验策略信号入场,"Will the price of Bitcoin be above $78,000 on May 26?"
1779632412,YES_ONLY_SL25,2303427,price_range_daily,SELL_YES,YES,0.195,14.802650631485804,0.8839393451854237,0.0,-11.467349368514196,0.0,触发实验止损,"Will the price of Bitcoin be above $78,000 on May 26?"
1779674705,YES_ONLY_SL25,2303427,price_range_daily,BUY_YES,YES,0.3057625,25.0,1.21625,0.0625,0.0,0.002634722222222219,实验策略信号入场,"Will the price of Bitcoin be above $78,000 on May 26?"
1779720606,YES_ONLY_SL25,2303427,price_range_daily,SELL_YES,YES,0.415,32.54206696373819,1.3894975675565184,0.0,6.263316963738195,0.0,触发实验止盈,"Will the price of Bitcoin be above $78,000 on May 26?"
1779263705,YES_NO_SL25,2303427,price_range_daily,BUY_YES,YES,0.451125,25.0,0.9625000000000001,0.0625,0.0,0.0015694444444444358,实验策略信号入场,"Will the price of Bitcoin be above $78,000 on May 26?"
1779371108,YES_NO_SL25,2303427,price_range_daily,SELL_YES,YES,0.335,17.700512607370467,0.8641867553338878,0.0,-8.324487392629532,0.0,触发实验止损,"Will the price of Bitcoin be above $78,000 on May 26?"
1779371407,YES_NO_SL25,2303427,price_range_daily,BUY_NO,NO,0.6566375,25.0,0.60375,0.0625,0.0,0.03046805555555561,实验策略信号入场,"Will the price of Bitcoin be above $78,000 on May 26?"
1779386108,YES_NO_SL25,2303427,price_range_daily,SELL_NO,NO,0.485,17.799613561516058,0.6656736022539074,0.0,-7.866636438483944,0.0,触发实验止损,"Will the price of Bitcoin be above $78,000 on May 26?"
1779445207,YES_NO_SL25,2303427,price_range_daily,BUY_NO,NO,0.6365875,25.0,0.63875,0.0625,0.0,0.0025055555555555595,实验策略信号入场,"Will the price of Bitcoin be above $78,000 on May 26?"
1779493805,YES_NO_SL25,2303427,price_range_daily,SELL_NO,NO,0.86,33.44284956899091,0.3309835647102716,0.0,7.741599568990907,0.0,触发实验止盈,"Will the price of Bitcoin be above $78,000 on May 26?"
1779494105,YES_NO_SL25,2303427,price_range_daily,BUY_NO,NO,0.8521249999999999,25.0,0.26250000000000007,0.0625,0.0,0.0691875,实验策略信号入场,"Will the price of Bitcoin be above $78,000 on May 26?"
1779570008,YES_NO_SL25,2303427,price_range_daily,SELL_NO,NO,0.62,17.705970368197157,0.48384920052809166,0.0,-7.619029631802842,0.0,触发实验止损,"Will the price of Bitcoin be above $78,000 on May 26?"
1779570304,YES_NO_SL25,2303427,price_range_daily,BUY_YES,YES,0.34586249999999996,25.0,1.1462500000000002,0.0625,0.0,0.018247222222222192,实验策略信号入场,"Will the price of Bitcoin be above $78,000 on May 26?"
1779576004,YES_NO_SL25,2303427,price_range_daily,SELL_YES,YES,0.255,17.470942209693163,0.9612382088257619,0.0,-8.737807790306839,0.0,触发实验止损,"Will the price of Bitcoin be above $78,000 on May 26?"
1779576305,YES_NO_SL25,2303427,price_range_daily,BUY_YES,YES,0.270675,25.0,1.2775,0.0625,0.0,0.059420833333333346,实验策略信号入场,"Will the price of Bitcoin be above $78,000 on May 26?"
1779632412,YES_NO_SL25,2303427,price_range_daily,SELL_YES,YES,0.195,16.995635910224436,1.0148933222499308,0.0,-9.344364089775564,0.0,触发实验止损,"Will the price of Bitcoin be above $78,000 on May 26?"
1779637805,YES_NO_SL25,2303427,price_range_daily,BUY_NO,NO,0.78195,25.0,0.38499999999999995,0.0625,0.0,0.004426388888888886,实验策略信号入场,"Will the price of Bitcoin be above $78,000 on May 26?"
1779720606,YES_NO_SL25,2303427,price_range_daily,SELL_NO,NO,0.585,18.159912718204488,0.5433291770573567,0.0,-7.287587281795513,0.0,触发实验止损,"Will the price of Bitcoin be above $78,000 on May 26?"
1779741304,YES_NO_SL25,2303427,price_range_daily,BUY_NO,NO,0.7268125,25.0,0.48125000000000007,0.0625,0.0,0.0029722222222222025,实验策略信号入场,"Will the price of Bitcoin be above $78,000 on May 26?"
1779806704,YES_NO_SL25,2303427,price_range_daily,SELL_NO,NO,0.9815,33.716706767563856,0.04371975234327965,0.0,8.172956767563857,0.0,触发实验止盈,"Will the price of Bitcoin be above $78,000 on May 26?"
1779263705,YES_NO_REV_SL25_CD60M,2303427,price_range_daily,BUY_YES,YES,0.451125,25.0,0.9625000000000001,0.0625,0.0,0.0015694444444444358,实验策略信号入场,"Will the price of Bitcoin be above $78,000 on May 26?"
1779371108,YES_NO_REV_SL25_CD60M,2303427,price_range_daily,SELL_YES,YES,0.335,17.700512607370467,0.8641867553338878,0.0,-8.324487392629532,0.0,触发实验止损,"Will the price of Bitcoin be above $78,000 on May 26?"
1779371108,YES_NO_REV_SL25_CD60M,2303427,price_range_daily,BUY_NO,NO,0.6666625,25.0,0.5862499999999999,0.0625,0.0,0.030369444444444484,YES 止损后反转尝试买 NO,"Will the price of Bitcoin be above $78,000 on May 26?"
1779384610,YES_NO_REV_SL25_CD60M,2303427,price_range_daily,SELL_NO,NO,0.495,17.906427540172125,0.6561884761779763,0.0,-7.742322459827875,0.0,触发实验止损,"Will the price of Bitcoin be above $78,000 on May 26?"
1779445207,YES_NO_REV_SL25_CD60M,2303427,price_range_daily,BUY_NO,NO,0.6365875,25.0,0.63875,0.0625,0.0,0.0025055555555555595,实验策略信号入场,"Will the price of Bitcoin be above $78,000 on May 26?"
1779493805,YES_NO_REV_SL25_CD60M,2303427,price_range_daily,SELL_NO,NO,0.86,33.44284956899091,0.3309835647102716,0.0,7.741599568990907,0.0,触发实验止盈,"Will the price of Bitcoin be above $78,000 on May 26?"
1779494105,YES_NO_REV_SL25_CD60M,2303427,price_range_daily,BUY_NO,NO,0.8521249999999999,25.0,0.26250000000000007,0.0625,0.0,0.0691875,实验策略信号入场,"Will the price of Bitcoin be above $78,000 on May 26?"
1779570008,YES_NO_REV_SL25_CD60M,2303427,price_range_daily,SELL_NO,NO,0.62,17.705970368197157,0.48384920052809166,0.0,-7.619029631802842,0.0,触发实验止损,"Will the price of Bitcoin be above $78,000 on May 26?"
1779570008,YES_NO_REV_SL25_CD60M,2303427,price_range_daily,BUY_YES,YES,0.38095,25.0,1.085,0.0625,0.0,0.016356944444444466,NO 止损后反转尝试买 YES,"Will the price of Bitcoin be above $78,000 on May 26?"
1779575104,YES_NO_REV_SL25_CD60M,2303427,price_range_daily,SELL_YES,YES,0.275,17.131103163144772,0.9158846305289409,0.0,-9.016396836855229,0.0,触发实验止损,"Will the price of Bitcoin be above $78,000 on May 26?"
1779578705,YES_NO_REV_SL25_CD60M,2303427,price_range_daily,BUY_YES,YES,0.2957375,25.0,1.2337500000000003,0.0625,0.0,0.07231666666666667,实验策略信号入场,"Will the price of Bitcoin be above $78,000 on May 26?"
1779632412,YES_NO_REV_SL25_CD60M,2303427,price_range_daily,SELL_YES,YES,0.195,15.555327782239319,0.9288854135846826,0.0,-10.740922217760682,0.0,触发实验止损,"Will the price of Bitcoin be above $78,000 on May 26?"
1779637805,YES_NO_REV_SL25_CD60M,2303427,price_range_daily,BUY_NO,NO,0.78195,25.0,0.38499999999999995,0.0625,0.0,0.004426388888888886,实验策略信号入场,"Will the price of Bitcoin be above $78,000 on May 26?"
1779720606,YES_NO_REV_SL25_CD60M,2303427,price_range_daily,SELL_NO,NO,0.585,18.159912718204488,0.5433291770573567,0.0,-7.287587281795513,0.0,触发实验止损,"Will the price of Bitcoin be above $78,000 on May 26?"
1779741304,YES_NO_REV_SL25_CD60M,2303427,price_range_daily,BUY_NO,NO,0.7268125,25.0,0.48125000000000007,0.0625,0.0,0.0029722222222222025,实验策略信号入场,"Will the price of Bitcoin be above $78,000 on May 26?"
1779806704,YES_NO_REV_SL25_CD60M,2303427,price_range_daily,SELL_NO,NO,0.9815,33.716706767563856,0.04371975234327965,0.0,8.172956767563857,0.0,触发实验止盈,"Will the price of Bitcoin be above $78,000 on May 26?"
1779263705,YES_NO_REV_SL15_CD60M,2303427,price_range_daily,BUY_YES,YES,0.451125,25.0,0.9625000000000001,0.0625,0.0,0.0015694444444444358,实验策略信号入场,"Will the price of Bitcoin be above $78,000 on May 26?"
1779370822,YES_NO_REV_SL15_CD60M,2303427,price_range_daily,SELL_YES,YES,0.365,19.328110279855913,0.8990994735383763,0.0,-6.696889720144085,0.0,触发实验止损,"Will the price of Bitcoin be above $78,000 on May 26?"
1779370822,YES_NO_REV_SL15_CD60M,2303427,price_range_daily,BUY_NO,NO,0.6365875,25.0,0.63875,0.0625,0.0,0.027123611111111133,YES 止损后反转尝试买 NO,"Will the price of Bitcoin be above $78,000 on May 26?"
1779384007,YES_NO_REV_SL15_CD60M,2303427,price_range_daily,SELL_NO,NO,0.525,19.932206884363897,0.685540086790897,0.0,-5.769043115636105,0.0,触发实验止损,"Will the price of Bitcoin be above $78,000 on May 26?"
1779445207,YES_NO_REV_SL15_CD60M,2303427,price_range_daily,BUY_NO,NO,0.6365875,25.0,0.63875,0.0625,0.0,0.0025055555555555595,实验策略信号入场,"Will the price of Bitcoin be above $78,000 on May 26?"
1779478507,YES_NO_REV_SL15_CD60M,2303427,price_range_daily,SELL_NO,NO,0.835,32.41328764702418,0.37874801186011364,0.0,6.712037647024175,0.0,触发实验止盈,"Will the price of Bitcoin be above $78,000 on May 26?"
1779478804,YES_NO_REV_SL15_CD60M,2303427,price_range_daily,BUY_NO,NO,0.8471124999999999,25.0,0.2712500000000001,0.0625,0.0,0.06001805555555556,实验策略信号入场,"Will the price of Bitcoin be above $78,000 on May 26?"
1779568804,YES_NO_REV_SL15_CD60M,2303427,price_range_daily,SELL_NO,NO,0.72,20.832179905266422,0.41647360887721535,0.0,-4.501570094733577,0.0,触发实验止损,"Will the price of Bitcoin be above $78,000 on May 26?"
1779569404,YES_NO_REV_SL15_CD60M,2303427,price_range_daily,BUY_YES,YES,0.31077499999999997,25.0,1.2075,0.0625,0.0,0.0026722222222222147,实验策略信号入场,"Will the price of Bitcoin be above $78,000 on May 26?"
1779576004,YES_NO_REV_SL15_CD60M,2303427,price_range_daily,SELL_YES,YES,0.255,19.44346794304561,1.0697651033706057,0.0,-6.826532056954388,0.0,触发实验止损,"Will the price of Bitcoin be above $78,000 on May 26?"
1779579605,YES_NO_REV_SL15_CD60M,2303427,price_range_daily,BUY_YES,YES,0.30074999999999996,25.0,1.225,0.0625,0.0,0.0732916666666667,实验策略信号入场,"Will the price of Bitcoin be above $78,000 on May 26?"
1779597605,YES_NO_REV_SL15_CD60M,2303427,price_range_daily,SELL_YES,YES,0.255,20.091583541147134,1.1054239401496262,0.0,-6.195916458852867,0.0,触发实验止损,"Will the price of Bitcoin be above $78,000 on May 26?"
1779637805,YES_NO_REV_SL15_CD60M,2303427,price_range_daily,BUY_NO,NO,0.78195,25.0,0.38499999999999995,0.0625,0.0,0.004426388888888886,实验策略信号入场,"Will the price of Bitcoin be above $78,000 on May 26?"
1779675005,YES_NO_REV_SL15_CD60M,2303427,price_range_daily,SELL_NO,NO,0.635,19.78309834388388,0.5187112347336786,0.0,-5.664401656116123,0.0,触发实验止损,"Will the price of Bitcoin be above $78,000 on May 26?"
1779675005,YES_NO_REV_SL15_CD60M,2303427,price_range_daily,BUY_YES,YES,0.3659125,25.0,1.11125,0.0625,0.0,0.008674999999999981,NO 止损后反转尝试买 YES,"Will the price of Bitcoin be above $78,000 on May 26?"
1779676205,YES_NO_REV_SL15_CD60M,2303427,price_range_daily,SELL_YES,YES,0.295,19.160437946230317,0.9946537765176104,0.0,-7.013312053769681,0.0,触发实验止损,"Will the price of Bitcoin be above $78,000 on May 26?"
1779741304,YES_NO_REV_SL15_CD60M,2303427,price_range_daily,BUY_NO,NO,0.7268125,25.0,0.48125000000000007,0.0625,0.0,0.0029722222222222025,实验策略信号入场,"Will the price of Bitcoin be above $78,000 on May 26?"
1779765604,YES_NO_REV_SL15_CD60M,2303427,price_range_daily,SELL_NO,NO,0.945,32.37980049875312,0.12514403646057284,0.0,6.836050498753121,0.0,触发实验止盈,"Will the price of Bitcoin be above $78,000 on May 26?"
1779765903,YES_NO_REV_SL15_CD60M,2303427,price_range_daily,BUY_NO,NO,0.9473624999999999,25.0,0.09625000000000009,0.0625,0.0,0.10868472222222221,实验策略信号入场,"Will the price of Bitcoin be above $78,000 on May 26?"
1779792304,YES_NO_REV_SL15_CD60M,2303427,price_range_daily,SELL_NO,NO,0.762,19.773452084075526,0.3350069271266279,0.0,-5.385297915924475,0.0,触发实验止损,"Will the price of Bitcoin be above $78,000 on May 26?"
1779263705,YES_NO_REV_SL12_CD60M,2303427,price_range_daily,BUY_YES,YES,0.451125,25.0,0.9625000000000001,0.0625,0.0,0.0015694444444444358,实验策略信号入场,"Will the price of Bitcoin be above $78,000 on May 26?"
1779370822,YES_NO_REV_SL12_CD60M,2303427,price_range_daily,SELL_YES,YES,0.365,19.328110279855913,0.8990994735383763,0.0,-6.696889720144085,0.0,触发实验止损,"Will the price of Bitcoin be above $78,000 on May 26?"
1779370822,YES_NO_REV_SL12_CD60M,2303427,price_range_daily,BUY_NO,NO,0.6365875,25.0,0.63875,0.0625,0.0,0.027123611111111133,YES 止损后反转尝试买 NO,"Will the price of Bitcoin be above $78,000 on May 26?"
1779384007,YES_NO_REV_SL12_CD60M,2303427,price_range_daily,SELL_NO,NO,0.525,19.932206884363897,0.685540086790897,0.0,-5.769043115636105,0.0,触发实验止损,"Will the price of Bitcoin be above $78,000 on May 26?"
1779445207,YES_NO_REV_SL12_CD60M,2303427,price_range_daily,BUY_NO,NO,0.6365875,25.0,0.63875,0.0625,0.0,0.0025055555555555595,实验策略信号入场,"Will the price of Bitcoin be above $78,000 on May 26?"
1779475805,YES_NO_REV_SL12_CD60M,2303427,price_range_daily,SELL_NO,NO,0.8,30.977673925422668,0.43984526871796886,0.0,5.276423925422666,0.0,触发实验止盈,"Will the price of Bitcoin be above $78,000 on May 26?"
1779476106,YES_NO_REV_SL12_CD60M,2303427,price_range_daily,BUY_NO,NO,0.7969875,25.0,0.35874999999999996,0.0625,0.0,0.04981666666666666,实验策略信号入场,"Will the price of Bitcoin be above $78,000 on May 26?"
1779569106,YES_NO_REV_SL12_CD60M,2303427,price_range_daily,SELL_NO,NO,0.69,21.1743283301181,0.4696748694301982,0.0,-4.2469216698819,0.0,触发实验止损,"Will the price of Bitcoin be above $78,000 on May 26?"
1779569404,YES_NO_REV_SL12_CD60M,2303427,price_range_daily,BUY_YES,YES,0.31077499999999997,25.0,1.2075,0.0625,0.0,0.0026722222222222147,实验策略信号入场,"Will the price of Bitcoin be above $78,000 on May 26?"
1779575407,YES_NO_REV_SL12_CD60M,2303427,price_range_daily,SELL_YES,YES,0.27,20.610007239964606,1.1098865738878614,0.0,-5.659992760035394,0.0,触发实验止损,"Will the price of Bitcoin be above $78,000 on May 26?"
1779579305,YES_NO_REV_SL12_CD60M,2303427,price_range_daily,BUY_YES,YES,0.30074999999999996,25.0,1.225,0.0625,0.0,0.07429861111111111,实验策略信号入场,"Will the price of Bitcoin be above $78,000 on May 26?"
1779597605,YES_NO_REV_SL12_CD60M,2303427,price_range_daily,SELL_YES,YES,0.255,20.091583541147134,1.1054239401496262,0.0,-6.195916458852867,0.0,触发实验止损,"Will the price of Bitcoin be above $78,000 on May 26?"
1779637805,YES_NO_REV_SL12_CD60M,2303427,price_range_daily,BUY_NO,NO,0.78195,25.0,0.38499999999999995,0.0625,0.0,0.004426388888888886,实验策略信号入场,"Will the price of Bitcoin be above $78,000 on May 26?"
1779666304,YES_NO_REV_SL12_CD60M,2303427,price_range_daily,SELL_NO,NO,0.675,21.089703625551508,0.49096009975062344,0.0,-4.357796374448494,0.0,触发实验止损,"Will the price of Bitcoin be above $78,000 on May 26?"
1779674705,YES_NO_REV_SL12_CD60M,2303427,price_range_daily,BUY_YES,YES,0.3057625,25.0,1.21625,0.0625,0.0,0.002634722222222219,实验策略信号入场,"Will the price of Bitcoin be above $78,000 on May 26?"
1779681606,YES_NO_REV_SL12_CD60M,2303427,price_range_daily,SELL_YES,YES,0.265,20.552369077306736,1.1147745390621808,0.0,-5.726380922693263,0.0,触发实验止损,"Will the price of Bitcoin be above $78,000 on May 26?"
1779741304,YES_NO_REV_SL12_CD60M,2303427,price_range_daily,BUY_NO,NO,0.7268125,25.0,0.48125000000000007,0.0625,0.0,0.0029722222222222025,实验策略信号入场,"Will the price of Bitcoin be above $78,000 on May 26?"
1779762606,YES_NO_REV_SL12_CD60M,2303427,price_range_daily,SELL_NO,NO,0.915,31.285776936967927,0.18726459712786994,0.0,5.742026936967928,0.0,触发实验止盈,"Will the price of Bitcoin be above $78,000 on May 26?"
1779762903,YES_NO_REV_SL12_CD60M,2303427,price_range_daily,BUY_NO,NO,0.9172875,25.0,0.14874999999999994,0.0625,0.0,0.1000222222222222,实验策略信号入场,"Will the price of Bitcoin be above $78,000 on May 26?"
1779792304,YES_NO_REV_SL12_CD60M,2303427,price_range_daily,SELL_NO,NO,0.762,20.421761988471445,0.34599076080291075,0.0,-4.7894880115285545,0.0,触发实验止损,"Will the price of Bitcoin be above $78,000 on May 26?"
1779362406,YES_NO_SL25,2303430,price_range_daily,BUY_NO,NO,0.8170374999999999,25.0,0.32375000000000015,0.0625,0.0,0.0015986111111111097,实验策略信号入场,"Will the price of Bitcoin be above $80,000 on May 26?"
1779818403,YES_NO_SL25,2303430,price_range_daily,MARK_TO_MARKET_EXIT,NO,0.9995,30.58198116671512,0.001070406805073089,0.0,5.19573116671512,0.0,回测结束平仓,"Will the price of Bitcoin be above $80,000 on May 26?"
1779362406,YES_NO_REV_SL25_CD60M,2303430,price_range_daily,BUY_NO,NO,0.8170374999999999,25.0,0.32375000000000015,0.0625,0.0,0.0015986111111111097,实验策略信号入场,"Will the price of Bitcoin be above $80,000 on May 26?"
1779818403,YES_NO_REV_SL25_CD60M,2303430,price_range_daily,MARK_TO_MARKET_EXIT,NO,0.9995,30.58198116671512,0.001070406805073089,0.0,5.19573116671512,0.0,回测结束平仓,"Will the price of Bitcoin be above $80,000 on May 26?"
1779362406,YES_NO_REV_SL15_CD60M,2303430,price_range_daily,BUY_NO,NO,0.8170374999999999,25.0,0.32375000000000015,0.0625,0.0,0.0015986111111111097,实验策略信号入场,"Will the price of Bitcoin be above $80,000 on May 26?"
1779818403,YES_NO_REV_SL15_CD60M,2303430,price_range_daily,MARK_TO_MARKET_EXIT,NO,0.9995,30.58198116671512,0.001070406805073089,0.0,5.19573116671512,0.0,回测结束平仓,"Will the price of Bitcoin be above $80,000 on May 26?"
1779362406,YES_NO_REV_SL12_CD60M,2303430,price_range_daily,BUY_NO,NO,0.8170374999999999,25.0,0.32375000000000015,0.0625,0.0,0.0015986111111111097,实验策略信号入场,"Will the price of Bitcoin be above $80,000 on May 26?"
1779818403,YES_NO_REV_SL12_CD60M,2303430,price_range_daily,MARK_TO_MARKET_EXIT,NO,0.9995,30.58198116671512,0.001070406805073089,0.0,5.19573116671512,0.0,回测结束平仓,"Will the price of Bitcoin be above $80,000 on May 26?"
1778818812,YES_NO_SL25,2261243,price_range_daily,BUY_NO,NO,0.9674124999999999,25.0,0.06125000000000006,0.0625,0.0,0.0020291666666666618,实验策略信号入场,"Will the price of Bitcoin be above $88,000 on May 21?"
1779391518,YES_NO_SL25,2261243,price_range_daily,MARK_TO_MARKET_EXIT,NO,0.9995,25.828305337692044,0.000904022327600588,0.0,0.7045553376920424,0.0,回测结束平仓,"Will the price of Bitcoin be above $88,000 on May 21?"
1778818812,YES_NO_REV_SL25_CD60M,2261243,price_range_daily,BUY_NO,NO,0.9674124999999999,25.0,0.06125000000000006,0.0625,0.0,0.0020291666666666618,实验策略信号入场,"Will the price of Bitcoin be above $88,000 on May 21?"
1779391518,YES_NO_REV_SL25_CD60M,2261243,price_range_daily,MARK_TO_MARKET_EXIT,NO,0.9995,25.828305337692044,0.000904022327600588,0.0,0.7045553376920424,0.0,回测结束平仓,"Will the price of Bitcoin be above $88,000 on May 21?"
1778818812,YES_NO_REV_SL15_CD60M,2261243,price_range_daily,BUY_NO,NO,0.9674124999999999,25.0,0.06125000000000006,0.0625,0.0,0.0020291666666666618,实验策略信号入场,"Will the price of Bitcoin be above $88,000 on May 21?"
1779391518,YES_NO_REV_SL15_CD60M,2261243,price_range_daily,MARK_TO_MARKET_EXIT,NO,0.9995,25.828305337692044,0.000904022327600588,0.0,0.7045553376920424,0.0,回测结束平仓,"Will the price of Bitcoin be above $88,000 on May 21?"
1778818812,YES_NO_REV_SL12_CD60M,2261243,price_range_daily,BUY_NO,NO,0.9674124999999999,25.0,0.06125000000000006,0.0625,0.0,0.0020291666666666618,实验策略信号入场,"Will the price of Bitcoin be above $88,000 on May 21?"
1779391518,YES_NO_REV_SL12_CD60M,2261243,price_range_daily,MARK_TO_MARKET_EXIT,NO,0.9995,25.828305337692044,0.000904022327600588,0.0,0.7045553376920424,0.0,回测结束平仓,"Will the price of Bitcoin be above $88,000 on May 21?"
1778816405,YES_NO_SL25,2251427,price_range_daily,BUY_NO,NO,0.8170374999999999,25.0,0.32375000000000015,0.0625,0.0,0.002362499999999979,实验策略信号入场,"Will the price of Bitcoin be above $84,000 on May 20?"
1779300306,YES_NO_SL25,2251427,price_range_daily,MARK_TO_MARKET_EXIT,NO,0.9995,30.58198116671512,0.001070406805073089,0.0,5.19573116671512,0.0,回测结束平仓,"Will the price of Bitcoin be above $84,000 on May 20?"
1778816405,YES_NO_REV_SL25_CD60M,2251427,price_range_daily,BUY_NO,NO,0.8170374999999999,25.0,0.32375000000000015,0.0625,0.0,0.002362499999999979,实验策略信号入场,"Will the price of Bitcoin be above $84,000 on May 20?"
1779300306,YES_NO_REV_SL25_CD60M,2251427,price_range_daily,MARK_TO_MARKET_EXIT,NO,0.9995,30.58198116671512,0.001070406805073089,0.0,5.19573116671512,0.0,回测结束平仓,"Will the price of Bitcoin be above $84,000 on May 20?"
1778816405,YES_NO_REV_SL15_CD60M,2251427,price_range_daily,BUY_NO,NO,0.8170374999999999,25.0,0.32375000000000015,0.0625,0.0,0.002362499999999979,实验策略信号入场,"Will the price of Bitcoin be above $84,000 on May 20?"
1779300306,YES_NO_REV_SL15_CD60M,2251427,price_range_daily,MARK_TO_MARKET_EXIT,NO,0.9995,30.58198116671512,0.001070406805073089,0.0,5.19573116671512,0.0,回测结束平仓,"Will the price of Bitcoin be above $84,000 on May 20?"
1778816405,YES_NO_REV_SL12_CD60M,2251427,price_range_daily,BUY_NO,NO,0.8170374999999999,25.0,0.32375000000000015,0.0625,0.0,0.002362499999999979,实验策略信号入场,"Will the price of Bitcoin be above $84,000 on May 20?"
1779300306,YES_NO_REV_SL12_CD60M,2251427,price_range_daily,MARK_TO_MARKET_EXIT,NO,0.9995,30.58198116671512,0.001070406805073089,0.0,5.19573116671512,0.0,回测结束平仓,"Will the price of Bitcoin be above $84,000 on May 20?"
1778997006,YES_NO_SL25,2277991,price_range_daily,BUY_NO,NO,0.9473624999999999,25.0,0.09625000000000009,0.0625,0.0,0.03118472222222222,实验策略信号入场,"Will the price of Bitcoin be above $84,000 on May 23?"
1779559805,YES_NO_SL25,2277991,price_range_daily,MARK_TO_MARKET_EXIT,NO,0.9995,26.37493613848976,0.0009231550752746746,0.0,1.216186138489757,0.0,回测结束平仓,"Will the price of Bitcoin be above $84,000 on May 23?"
1778997006,YES_NO_REV_SL25_CD60M,2277991,price_range_daily,BUY_NO,NO,0.9473624999999999,25.0,0.09625000000000009,0.0625,0.0,0.03118472222222222,实验策略信号入场,"Will the price of Bitcoin be above $84,000 on May 23?"
1779559805,YES_NO_REV_SL25_CD60M,2277991,price_range_daily,MARK_TO_MARKET_EXIT,NO,0.9995,26.37493613848976,0.0009231550752746746,0.0,1.216186138489757,0.0,回测结束平仓,"Will the price of Bitcoin be above $84,000 on May 23?"
1778997006,YES_NO_REV_SL15_CD60M,2277991,price_range_daily,BUY_NO,NO,0.9473624999999999,25.0,0.09625000000000009,0.0625,0.0,0.03118472222222222,实验策略信号入场,"Will the price of Bitcoin be above $84,000 on May 23?"
1779559805,YES_NO_REV_SL15_CD60M,2277991,price_range_daily,MARK_TO_MARKET_EXIT,NO,0.9995,26.37493613848976,0.0009231550752746746,0.0,1.216186138489757,0.0,回测结束平仓,"Will the price of Bitcoin be above $84,000 on May 23?"
1778997006,YES_NO_REV_SL12_CD60M,2277991,price_range_daily,BUY_NO,NO,0.9473624999999999,25.0,0.09625000000000009,0.0625,0.0,0.03118472222222222,实验策略信号入场,"Will the price of Bitcoin be above $84,000 on May 23?"
1779559805,YES_NO_REV_SL12_CD60M,2277991,price_range_daily,MARK_TO_MARKET_EXIT,NO,0.9995,26.37493613848976,0.0009231550752746746,0.0,1.216186138489757,0.0,回测结束平仓,"Will the price of Bitcoin be above $84,000 on May 23?"
1778818807,YES_NO_SL25,2261242,price_range_daily,BUY_NO,NO,0.9323249999999998,25.0,0.12250000000000012,0.0625,0.0,0.009648611111111097,实验策略信号入场,"Will the price of Bitcoin be above $86,000 on May 21?"
1779391518,YES_NO_SL25,2261242,price_range_daily,MARK_TO_MARKET_EXIT,NO,0.9995,26.800338334271856,0.0009380446732629759,0.0,1.6153383342718577,0.0,回测结束平仓,"Will the price of Bitcoin be above $86,000 on May 21?"
1778818807,YES_NO_REV_SL25_CD60M,2261242,price_range_daily,BUY_NO,NO,0.9323249999999998,25.0,0.12250000000000012,0.0625,0.0,0.009648611111111097,实验策略信号入场,"Will the price of Bitcoin be above $86,000 on May 21?"
1779391518,YES_NO_REV_SL25_CD60M,2261242,price_range_daily,MARK_TO_MARKET_EXIT,NO,0.9995,26.800338334271856,0.0009380446732629759,0.0,1.6153383342718577,0.0,回测结束平仓,"Will the price of Bitcoin be above $86,000 on May 21?"
1778818807,YES_NO_REV_SL15_CD60M,2261242,price_range_daily,BUY_NO,NO,0.9323249999999998,25.0,0.12250000000000012,0.0625,0.0,0.009648611111111097,实验策略信号入场,"Will the price of Bitcoin be above $86,000 on May 21?"
1779391518,YES_NO_REV_SL15_CD60M,2261242,price_range_daily,MARK_TO_MARKET_EXIT,NO,0.9995,26.800338334271856,0.0009380446732629759,0.0,1.6153383342718577,0.0,回测结束平仓,"Will the price of Bitcoin be above $86,000 on May 21?"
1778818807,YES_NO_REV_SL12_CD60M,2261242,price_range_daily,BUY_NO,NO,0.9323249999999998,25.0,0.12250000000000012,0.0625,0.0,0.009648611111111097,实验策略信号入场,"Will the price of Bitcoin be above $86,000 on May 21?"
1779391518,YES_NO_REV_SL12_CD60M,2261242,price_range_daily,MARK_TO_MARKET_EXIT,NO,0.9995,26.800338334271856,0.0009380446732629759,0.0,1.6153383342718577,0.0,回测结束平仓,"Will the price of Bitcoin be above $86,000 on May 21?"
1778812506,YES_NO_SL25,2251431,price_range_daily,BUY_NO,NO,0.93984375,25.0,0.10937500000000001,0.0625,0.0,0.0018645833333333327,实验策略信号入场,"Will the price of Bitcoin be above $86,000 on May 20?"
1779300308,YES_NO_SL25,2251431,price_range_daily,MARK_TO_MARKET_EXIT,NO,0.9995,26.585935627597674,0.000930540315876872,0.0,1.4140606275976744,0.0,回测结束平仓,"Will the price of Bitcoin be above $86,000 on May 20?"
1778812506,YES_NO_REV_SL25_CD60M,2251431,price_range_daily,BUY_NO,NO,0.93984375,25.0,0.10937500000000001,0.0625,0.0,0.0018645833333333327,实验策略信号入场,"Will the price of Bitcoin be above $86,000 on May 20?"
1779300308,YES_NO_REV_SL25_CD60M,2251431,price_range_daily,MARK_TO_MARKET_EXIT,NO,0.9995,26.585935627597674,0.000930540315876872,0.0,1.4140606275976744,0.0,回测结束平仓,"Will the price of Bitcoin be above $86,000 on May 20?"
1778812506,YES_NO_REV_SL15_CD60M,2251431,price_range_daily,BUY_NO,NO,0.93984375,25.0,0.10937500000000001,0.0625,0.0,0.0018645833333333327,实验策略信号入场,"Will the price of Bitcoin be above $86,000 on May 20?"
1779300308,YES_NO_REV_SL15_CD60M,2251431,price_range_daily,MARK_TO_MARKET_EXIT,NO,0.9995,26.585935627597674,0.000930540315876872,0.0,1.4140606275976744,0.0,回测结束平仓,"Will the price of Bitcoin be above $86,000 on May 20?"
1778812506,YES_NO_REV_SL12_CD60M,2251431,price_range_daily,BUY_NO,NO,0.93984375,25.0,0.10937500000000001,0.0625,0.0,0.0018645833333333327,实验策略信号入场,"Will the price of Bitcoin be above $86,000 on May 20?"
1779300308,YES_NO_REV_SL12_CD60M,2251431,price_range_daily,MARK_TO_MARKET_EXIT,NO,0.9995,26.585935627597674,0.000930540315876872,0.0,1.4140606275976744,0.0,回测结束平仓,"Will the price of Bitcoin be above $86,000 on May 20?"
